2026-03-02 00:55:38 - root - INFO - Starting AI Data Analytics Service v1.0.0
2026-03-02 00:55:38 - root - INFO - Environment: development
2026-03-02 00:55:40 - sqlalchemy.engine.Engine - INFO - select pg_catalog.version()
2026-03-02 00:55:40 - sqlalchemy.engine.Engine - INFO - [raw sql] ()
2026-03-02 00:55:40 - sqlalchemy.engine.Engine - INFO - select current_schema()
2026-03-02 00:55:40 - sqlalchemy.engine.Engine - INFO - [raw sql] ()
2026-03-02 00:55:40 - sqlalchemy.engine.Engine - INFO - show standard_conforming_strings
2026-03-02 00:55:40 - sqlalchemy.engine.Engine - INFO - [raw sql] ()
2026-03-02 00:55:40 - sqlalchemy.engine.Engine - INFO - BEGIN (implicit)
2026-03-02 00:55:40 - sqlalchemy.engine.Engine - INFO - SELECT pg_catalog.pg_class.relname 
FROM pg_catalog.pg_class JOIN pg_catalog.pg_namespace ON pg_catalog.pg_namespace.oid = pg_catalog.pg_class.relnamespace 
WHERE pg_catalog.pg_class.relname = $1::VARCHAR AND pg_catalog.pg_class.relkind = ANY (ARRAY[$2::VARCHAR, $3::VARCHAR, $4::VARCHAR, $5::VARCHAR, $6::VARCHAR]) AND pg_catalog.pg_table_is_visible(pg_catalog.pg_class.oid) AND pg_catalog.pg_namespace.nspname != $7::VARCHAR
2026-03-02 00:55:40 - sqlalchemy.engine.Engine - INFO - [generated in 0.00143s] ('datasets', 'r', 'p', 'f', 'v', 'm', 'pg_catalog')
2026-03-02 00:55:40 - sqlalchemy.engine.Engine - INFO - SELECT pg_catalog.pg_type.typname 
FROM pg_catalog.pg_type JOIN pg_catalog.pg_namespace ON pg_catalog.pg_namespace.oid = pg_catalog.pg_type.typnamespace 
WHERE pg_catalog.pg_type.typname = $1::VARCHAR AND pg_catalog.pg_type_is_visible(pg_catalog.pg_type.oid) AND pg_catalog.pg_namespace.nspname != $2::VARCHAR
2026-03-02 00:55:40 - sqlalchemy.engine.Engine - INFO - [generated in 0.00089s] ('datasetstatus', 'pg_catalog')
2026-03-02 00:55:40 - sqlalchemy.engine.Engine - INFO - COMMIT
2026-03-02 00:55:40 - app.core.database - INFO - Database initialized
2026-03-02 00:55:40 - app.core.cache - INFO - Redis connected
2026-03-02 00:55:51 - root - INFO - Shutting down...
2026-03-02 00:55:51 - app.core.database - INFO - Database connection closed
2026-03-02 00:55:51 - app.core.cache - INFO - Redis connection closed
2026-03-02 00:55:53 - root - INFO - Starting AI Data Analytics Service v1.0.0
2026-03-02 00:55:53 - root - INFO - Environment: development
2026-03-02 00:55:53 - sqlalchemy.engine.Engine - INFO - select pg_catalog.version()
2026-03-02 00:55:53 - sqlalchemy.engine.Engine - INFO - [raw sql] ()
2026-03-02 00:55:53 - sqlalchemy.engine.Engine - INFO - select current_schema()
2026-03-02 00:55:53 - sqlalchemy.engine.Engine - INFO - [raw sql] ()
2026-03-02 00:55:53 - sqlalchemy.engine.Engine - INFO - show standard_conforming_strings
2026-03-02 00:55:53 - sqlalchemy.engine.Engine - INFO - [raw sql] ()
2026-03-02 00:55:53 - sqlalchemy.engine.Engine - INFO - BEGIN (implicit)
2026-03-02 00:55:53 - sqlalchemy.engine.Engine - INFO - SELECT pg_catalog.pg_class.relname 
FROM pg_catalog.pg_class JOIN pg_catalog.pg_namespace ON pg_catalog.pg_namespace.oid = pg_catalog.pg_class.relnamespace 
WHERE pg_catalog.pg_class.relname = $1::VARCHAR AND pg_catalog.pg_class.relkind = ANY (ARRAY[$2::VARCHAR, $3::VARCHAR, $4::VARCHAR, $5::VARCHAR, $6::VARCHAR]) AND pg_catalog.pg_table_is_visible(pg_catalog.pg_class.oid) AND pg_catalog.pg_namespace.nspname != $7::VARCHAR
2026-03-02 00:55:53 - sqlalchemy.engine.Engine - INFO - [generated in 0.00132s] ('datasets', 'r', 'p', 'f', 'v', 'm', 'pg_catalog')
2026-03-02 00:55:53 - sqlalchemy.engine.Engine - INFO - SELECT pg_catalog.pg_type.typname 
FROM pg_catalog.pg_type JOIN pg_catalog.pg_namespace ON pg_catalog.pg_namespace.oid = pg_catalog.pg_type.typnamespace 
WHERE pg_catalog.pg_type.typname = $1::VARCHAR AND pg_catalog.pg_type_is_visible(pg_catalog.pg_type.oid) AND pg_catalog.pg_namespace.nspname != $2::VARCHAR
2026-03-02 00:55:53 - sqlalchemy.engine.Engine - INFO - [generated in 0.00157s] ('datasetstatus', 'pg_catalog')
2026-03-02 00:55:53 - sqlalchemy.engine.Engine - INFO - COMMIT
2026-03-02 00:55:53 - app.core.database - INFO - Database initialized
2026-03-02 00:55:53 - app.core.cache - INFO - Redis connected
2026-03-02 00:56:55 - app.services.data.ingestion_service - INFO - File saved: 0a44c644-c6ab-4fd0-9077-ef7949669fa0.csv (695414 bytes)
2026-03-02 00:56:55 - sqlalchemy.engine.Engine - INFO - BEGIN (implicit)
2026-03-02 00:56:55 - sqlalchemy.engine.Engine - INFO - INSERT INTO datasets (filename, original_filename, file_path, file_size, file_type, status, row_count, column_count, updated_at) VALUES ($1::VARCHAR, $2::VARCHAR, $3::VARCHAR, $4::BIGINT, $5::VARCHAR, $6::datasetstatus, $7::INTEGER, $8::INTEGER, $9::TIMESTAMP WITH TIME ZONE) RETURNING datasets.id, datasets.created_at
2026-03-02 00:56:55 - sqlalchemy.engine.Engine - INFO - [generated in 0.00180s] ('0a44c644-c6ab-4fd0-9077-ef7949669fa0.csv', 'precious_metals_historical_data.csv', 'uploads\\0a44c644-c6ab-4fd0-9077-ef7949669fa0.csv', 695414, 'csv', 'UPLOADED', None, None, None)
2026-03-02 00:56:55 - sqlalchemy.engine.Engine - INFO - SELECT datasets.id, datasets.filename, datasets.original_filename, datasets.file_path, datasets.file_size, datasets.file_type, datasets.status, datasets.row_count, datasets.column_count, datasets.columns, datasets.column_types, datasets.summary_stats, datasets.created_at, datasets.updated_at 
FROM datasets 
WHERE datasets.id = $1::INTEGER
2026-03-02 00:56:55 - sqlalchemy.engine.Engine - INFO - [generated in 0.00117s] (1,)
2026-03-02 00:56:55 - app.repositories.dataset_repository - INFO - Created dataset: 1
2026-03-02 00:56:55 - app.api.v1.routes.upload - INFO - File uploaded: precious_metals_historical_data.csv -> Dataset ID: 1
2026-03-02 00:56:55 - sqlalchemy.engine.Engine - INFO - BEGIN (implicit)
2026-03-02 00:56:55 - sqlalchemy.engine.Engine - INFO - UPDATE datasets SET status=$1::datasetstatus, updated_at=now() WHERE datasets.id = $2::INTEGER
2026-03-02 00:56:55 - sqlalchemy.engine.Engine - INFO - [generated in 0.00057s] ('PROCESSING', 1)
2026-03-02 00:56:55 - sqlalchemy.engine.Engine - INFO - COMMIT
2026-03-02 00:56:55 - sqlalchemy.engine.Engine - INFO - BEGIN (implicit)
2026-03-02 00:56:55 - sqlalchemy.engine.Engine - INFO - SELECT datasets.id, datasets.filename, datasets.original_filename, datasets.file_path, datasets.file_size, datasets.file_type, datasets.status, datasets.row_count, datasets.column_count, datasets.columns, datasets.column_types, datasets.summary_stats, datasets.created_at, datasets.updated_at 
FROM datasets 
WHERE datasets.id = $1::INTEGER
2026-03-02 00:56:55 - sqlalchemy.engine.Engine - INFO - [generated in 0.00266s] (1,)
2026-03-02 00:56:55 - app.services.data.parser_service - INFO - Parsed csv file: 2513 rows, 15 columns
2026-03-02 00:56:55 - sqlalchemy.engine.Engine - INFO - UPDATE datasets SET status=$1::datasetstatus, row_count=$2::INTEGER, column_count=$3::INTEGER, columns=$4::JSON, column_types=$5::JSON, summary_stats=$6::JSON, updated_at=now() WHERE datasets.id = $7::INTEGER
2026-03-02 00:56:55 - sqlalchemy.engine.Engine - INFO - [generated in 0.00097s] ('PROCESSED', 2513, 15, '["Date", "Silver_Price", "Gold_Price", "Platinum_Price", "Silver_Returns", "Gold_Returns", "Platinum_Returns", "Gold_Silver_Ratio", "Silver_Volatility_30d", "Gold_Volatility_30d", "Platinum_Volatility_30d", "Silver_MA50", "Silver_MA200", "Gold_MA50", "Gold_MA200"]', '{"Date": "str", "Silver_Price": "float64", "Gold_Price": "float64", "Platinum_Price": "float64", "Silver_Returns": "float64", "Gold_Returns": "float6 ... (127 characters truncated) ... float64", "Platinum_Volatility_30d": "float64", "Silver_MA50": "float64", "Silver_MA200": "float64", "Gold_MA50": "float64", "Gold_MA200": "float64"}', '{"Silver_Price": {"count": 2513.0, "mean": 21.429594052440372, "std": 9.145891348150949, "min": 11.210000038146973, "25%": 15.90999984741211, "50%":  ... (2878 characters truncated) ... 6493100454023, "min": 117.23230010986327, "25%": 122.60436259269714, "50%": 167.89874977111816, "75%": 178.83128759384155, "max": 347.5249496459961}}', 1)
2026-03-02 00:56:55 - sqlalchemy.engine.Engine - INFO - COMMIT
2026-03-02 00:56:55 - sqlalchemy.engine.Engine - INFO - BEGIN (implicit)
2026-03-02 00:56:55 - sqlalchemy.engine.Engine - INFO - SELECT datasets.id, datasets.filename, datasets.original_filename, datasets.file_path, datasets.file_size, datasets.file_type, datasets.status, datasets.row_count, datasets.column_count, datasets.columns, datasets.column_types, datasets.summary_stats, datasets.created_at, datasets.updated_at 
FROM datasets 
WHERE datasets.id = $1::INTEGER
2026-03-02 00:56:55 - sqlalchemy.engine.Engine - INFO - [cached since 0.1583s ago] (1,)
2026-03-02 00:56:55 - app.api.v1.routes.upload - INFO - Dataset 1 processed successfully
2026-03-02 00:56:55 - sqlalchemy.engine.Engine - INFO - ROLLBACK
2026-03-02 00:56:55 - sqlalchemy.engine.Engine - INFO - COMMIT
2026-03-02 00:57:39 - sqlalchemy.engine.Engine - INFO - BEGIN (implicit)
2026-03-02 00:57:39 - sqlalchemy.engine.Engine - INFO - SELECT datasets.id, datasets.filename, datasets.original_filename, datasets.file_path, datasets.file_size, datasets.file_type, datasets.status, datasets.row_count, datasets.column_count, datasets.columns, datasets.column_types, datasets.summary_stats, datasets.created_at, datasets.updated_at 
FROM datasets 
WHERE datasets.id = $1::INTEGER
2026-03-02 00:57:39 - sqlalchemy.engine.Engine - INFO - [cached since 43.79s ago] (1,)
2026-03-02 00:57:39 - sqlalchemy.engine.Engine - INFO - COMMIT
2026-03-02 00:57:44 - sqlalchemy.engine.Engine - INFO - BEGIN (implicit)
2026-03-02 00:57:44 - sqlalchemy.engine.Engine - INFO - SELECT datasets.id, datasets.filename, datasets.original_filename, datasets.file_path, datasets.file_size, datasets.file_type, datasets.status, datasets.row_count, datasets.column_count, datasets.columns, datasets.column_types, datasets.summary_stats, datasets.created_at, datasets.updated_at 
FROM datasets 
WHERE datasets.id = $1::INTEGER
2026-03-02 00:57:44 - sqlalchemy.engine.Engine - INFO - [cached since 49.15s ago] (1,)
2026-03-02 00:57:44 - sqlalchemy.engine.Engine - INFO - COMMIT
2026-03-02 00:58:05 - sqlalchemy.engine.Engine - INFO - BEGIN (implicit)
2026-03-02 00:58:05 - sqlalchemy.engine.Engine - INFO - SELECT datasets.id, datasets.filename, datasets.original_filename, datasets.file_path, datasets.file_size, datasets.file_type, datasets.status, datasets.row_count, datasets.column_count, datasets.columns, datasets.column_types, datasets.summary_stats, datasets.created_at, datasets.updated_at 
FROM datasets ORDER BY datasets.created_at DESC 
 LIMIT $1::INTEGER OFFSET $2::INTEGER
2026-03-02 00:58:05 - sqlalchemy.engine.Engine - INFO - [generated in 0.00187s] (10, 0)
2026-03-02 00:58:05 - sqlalchemy.engine.Engine - INFO - SELECT count(datasets.id) AS count_1 
FROM datasets
2026-03-02 00:58:05 - sqlalchemy.engine.Engine - INFO - [generated in 0.00071s] ()
2026-03-02 00:58:05 - sqlalchemy.engine.Engine - INFO - COMMIT
2026-03-02 00:58:22 - root - INFO - Shutting down...
2026-03-02 00:58:22 - app.core.database - INFO - Database connection closed
2026-03-02 00:58:22 - app.core.cache - INFO - Redis connection closed
2026-03-02 00:59:34 - root - INFO - Starting AI Data Analytics Service v1.0.0
2026-03-02 00:59:34 - root - INFO - Environment: development
2026-03-02 00:59:35 - sqlalchemy.engine.Engine - INFO - select pg_catalog.version()
2026-03-02 00:59:35 - sqlalchemy.engine.Engine - INFO - [raw sql] ()
2026-03-02 00:59:35 - sqlalchemy.engine.Engine - INFO - select current_schema()
2026-03-02 00:59:35 - sqlalchemy.engine.Engine - INFO - [raw sql] ()
2026-03-02 00:59:35 - sqlalchemy.engine.Engine - INFO - show standard_conforming_strings
2026-03-02 00:59:35 - sqlalchemy.engine.Engine - INFO - [raw sql] ()
2026-03-02 00:59:35 - sqlalchemy.engine.Engine - INFO - BEGIN (implicit)
2026-03-02 00:59:35 - sqlalchemy.engine.Engine - INFO - SELECT pg_catalog.pg_class.relname 
FROM pg_catalog.pg_class JOIN pg_catalog.pg_namespace ON pg_catalog.pg_namespace.oid = pg_catalog.pg_class.relnamespace 
WHERE pg_catalog.pg_class.relname = $1::VARCHAR AND pg_catalog.pg_class.relkind = ANY (ARRAY[$2::VARCHAR, $3::VARCHAR, $4::VARCHAR, $5::VARCHAR, $6::VARCHAR]) AND pg_catalog.pg_table_is_visible(pg_catalog.pg_class.oid) AND pg_catalog.pg_namespace.nspname != $7::VARCHAR
2026-03-02 00:59:35 - sqlalchemy.engine.Engine - INFO - [generated in 0.00179s] ('datasets', 'r', 'p', 'f', 'v', 'm', 'pg_catalog')
2026-03-02 00:59:35 - sqlalchemy.engine.Engine - INFO - SELECT pg_catalog.pg_type.typname 
FROM pg_catalog.pg_type JOIN pg_catalog.pg_namespace ON pg_catalog.pg_namespace.oid = pg_catalog.pg_type.typnamespace 
WHERE pg_catalog.pg_type.typname = $1::VARCHAR AND pg_catalog.pg_type_is_visible(pg_catalog.pg_type.oid) AND pg_catalog.pg_namespace.nspname != $2::VARCHAR
2026-03-02 00:59:35 - sqlalchemy.engine.Engine - INFO - [generated in 0.00101s] ('datasetstatus', 'pg_catalog')
2026-03-02 00:59:35 - sqlalchemy.engine.Engine - INFO - COMMIT
2026-03-02 00:59:35 - app.core.database - INFO - Database initialized
2026-03-02 00:59:35 - app.core.cache - INFO - Redis connected
2026-03-02 00:59:35 - app.services.data.ingestion_service - INFO - File saved: bf750e63-a6ef-4c7f-945b-36f78cf022c8.csv (65 bytes)
2026-03-02 00:59:35 - sqlalchemy.engine.Engine - INFO - BEGIN (implicit)
2026-03-02 00:59:35 - sqlalchemy.engine.Engine - INFO - INSERT INTO datasets (filename, original_filename, file_path, file_size, file_type, status, row_count, column_count, updated_at) VALUES ($1::VARCHAR, $2::VARCHAR, $3::VARCHAR, $4::BIGINT, $5::VARCHAR, $6::datasetstatus, $7::INTEGER, $8::INTEGER, $9::TIMESTAMP WITH TIME ZONE) RETURNING datasets.id, datasets.created_at
2026-03-02 00:59:35 - sqlalchemy.engine.Engine - INFO - [generated in 0.00111s] ('bf750e63-a6ef-4c7f-945b-36f78cf022c8.csv', 'test_data.csv', 'uploads\\bf750e63-a6ef-4c7f-945b-36f78cf022c8.csv', 65, 'csv', 'UPLOADED', None, None, None)
2026-03-02 00:59:36 - sqlalchemy.engine.Engine - INFO - SELECT datasets.id, datasets.filename, datasets.original_filename, datasets.file_path, datasets.file_size, datasets.file_type, datasets.status, datasets.row_count, datasets.column_count, datasets.columns, datasets.column_types, datasets.summary_stats, datasets.created_at, datasets.updated_at 
FROM datasets 
WHERE datasets.id = $1::INTEGER
2026-03-02 00:59:36 - sqlalchemy.engine.Engine - INFO - [generated in 0.00108s] (2,)
2026-03-02 00:59:36 - app.repositories.dataset_repository - INFO - Created dataset: 2
2026-03-02 00:59:36 - app.api.v1.routes.upload - INFO - File uploaded: test_data.csv -> Dataset ID: 2
2026-03-02 00:59:36 - sqlalchemy.engine.Engine - INFO - BEGIN (implicit)
2026-03-02 00:59:36 - sqlalchemy.engine.Engine - INFO - UPDATE datasets SET status=$1::datasetstatus, updated_at=now() WHERE datasets.id = $2::INTEGER
2026-03-02 00:59:36 - sqlalchemy.engine.Engine - INFO - [generated in 0.00053s] ('PROCESSING', 2)
2026-03-02 00:59:36 - sqlalchemy.engine.Engine - INFO - COMMIT
2026-03-02 00:59:36 - sqlalchemy.engine.Engine - INFO - BEGIN (implicit)
2026-03-02 00:59:36 - sqlalchemy.engine.Engine - INFO - SELECT datasets.id, datasets.filename, datasets.original_filename, datasets.file_path, datasets.file_size, datasets.file_type, datasets.status, datasets.row_count, datasets.column_count, datasets.columns, datasets.column_types, datasets.summary_stats, datasets.created_at, datasets.updated_at 
FROM datasets 
WHERE datasets.id = $1::INTEGER
2026-03-02 00:59:36 - sqlalchemy.engine.Engine - INFO - [generated in 0.00115s] (2,)
2026-03-02 00:59:36 - app.services.data.parser_service - INFO - Parsed csv file: 3 rows, 3 columns
2026-03-02 00:59:36 - sqlalchemy.engine.Engine - INFO - UPDATE datasets SET status=$1::datasetstatus, row_count=$2::INTEGER, column_count=$3::INTEGER, columns=$4::JSON, column_types=$5::JSON, summary_stats=$6::JSON, updated_at=now() WHERE datasets.id = $7::INTEGER
2026-03-02 00:59:36 - sqlalchemy.engine.Engine - INFO - [generated in 0.00078s] ('PROCESSED', 3, 3, '["name", "age", "salary"]', '{"name": "str", "age": "int64", "salary": "int64"}', '{"age": {"count": 3.0, "mean": 30.0, "std": 5.0, "min": 25.0, "25%": 27.5, "50%": 30.0, "75%": 32.5, "max": 35.0}, "salary": {"count": 3.0, "mean": 60000.0, "std": 10000.0, "min": 50000.0, "25%": 55000.0, "50%": 60000.0, "75%": 65000.0, "max": 70000.0}}', 2)
2026-03-02 00:59:36 - sqlalchemy.engine.Engine - INFO - COMMIT
2026-03-02 00:59:36 - sqlalchemy.engine.Engine - INFO - BEGIN (implicit)
2026-03-02 00:59:36 - sqlalchemy.engine.Engine - INFO - SELECT datasets.id, datasets.filename, datasets.original_filename, datasets.file_path, datasets.file_size, datasets.file_type, datasets.status, datasets.row_count, datasets.column_count, datasets.columns, datasets.column_types, datasets.summary_stats, datasets.created_at, datasets.updated_at 
FROM datasets 
WHERE datasets.id = $1::INTEGER
2026-03-02 00:59:36 - sqlalchemy.engine.Engine - INFO - [cached since 0.2559s ago] (2,)
2026-03-02 00:59:36 - app.api.v1.routes.upload - INFO - Dataset 2 processed successfully
2026-03-02 00:59:36 - sqlalchemy.engine.Engine - INFO - ROLLBACK
2026-03-02 00:59:36 - sqlalchemy.engine.Engine - INFO - COMMIT
2026-03-02 00:59:38 - sqlalchemy.engine.Engine - INFO - BEGIN (implicit)
2026-03-02 00:59:38 - sqlalchemy.engine.Engine - INFO - SELECT datasets.id, datasets.filename, datasets.original_filename, datasets.file_path, datasets.file_size, datasets.file_type, datasets.status, datasets.row_count, datasets.column_count, datasets.columns, datasets.column_types, datasets.summary_stats, datasets.created_at, datasets.updated_at 
FROM datasets 
WHERE datasets.id = $1::INTEGER
2026-03-02 00:59:38 - sqlalchemy.engine.Engine - INFO - [cached since 1.894s ago] (2,)
2026-03-02 00:59:38 - sqlalchemy.engine.Engine - INFO - COMMIT
2026-03-03 20:20:42 - root - INFO - Starting AI Data Analytics Service v1.0.0
2026-03-03 20:20:42 - root - INFO - Environment: development
2026-03-03 20:20:43 - sqlalchemy.engine.Engine - INFO - select pg_catalog.version()
2026-03-03 20:20:43 - sqlalchemy.engine.Engine - INFO - [raw sql] ()
2026-03-03 20:20:43 - sqlalchemy.engine.Engine - INFO - select current_schema()
2026-03-03 20:20:43 - sqlalchemy.engine.Engine - INFO - [raw sql] ()
2026-03-03 20:20:43 - sqlalchemy.engine.Engine - INFO - show standard_conforming_strings
2026-03-03 20:20:43 - sqlalchemy.engine.Engine - INFO - [raw sql] ()
2026-03-03 20:20:43 - sqlalchemy.engine.Engine - INFO - BEGIN (implicit)
2026-03-03 20:20:43 - sqlalchemy.engine.Engine - INFO - SELECT pg_catalog.pg_class.relname 
FROM pg_catalog.pg_class JOIN pg_catalog.pg_namespace ON pg_catalog.pg_namespace.oid = pg_catalog.pg_class.relnamespace 
WHERE pg_catalog.pg_class.relname = $1::VARCHAR AND pg_catalog.pg_class.relkind = ANY (ARRAY[$2::VARCHAR, $3::VARCHAR, $4::VARCHAR, $5::VARCHAR, $6::VARCHAR]) AND pg_catalog.pg_table_is_visible(pg_catalog.pg_class.oid) AND pg_catalog.pg_namespace.nspname != $7::VARCHAR
2026-03-03 20:20:43 - sqlalchemy.engine.Engine - INFO - [generated in 0.00134s] ('datasets', 'r', 'p', 'f', 'v', 'm', 'pg_catalog')
2026-03-03 20:20:43 - sqlalchemy.engine.Engine - INFO - SELECT pg_catalog.pg_class.relname 
FROM pg_catalog.pg_class JOIN pg_catalog.pg_namespace ON pg_catalog.pg_namespace.oid = pg_catalog.pg_class.relnamespace 
WHERE pg_catalog.pg_class.relname = $1::VARCHAR AND pg_catalog.pg_class.relkind = ANY (ARRAY[$2::VARCHAR, $3::VARCHAR, $4::VARCHAR, $5::VARCHAR, $6::VARCHAR]) AND pg_catalog.pg_table_is_visible(pg_catalog.pg_class.oid) AND pg_catalog.pg_namespace.nspname != $7::VARCHAR
2026-03-03 20:20:43 - sqlalchemy.engine.Engine - INFO - [cached since 0.03667s ago] ('cleaning_profiles', 'r', 'p', 'f', 'v', 'm', 'pg_catalog')
2026-03-03 20:20:43 - sqlalchemy.engine.Engine - INFO - SELECT pg_catalog.pg_class.relname 
FROM pg_catalog.pg_class JOIN pg_catalog.pg_namespace ON pg_catalog.pg_namespace.oid = pg_catalog.pg_class.relnamespace 
WHERE pg_catalog.pg_class.relname = $1::VARCHAR AND pg_catalog.pg_class.relkind = ANY (ARRAY[$2::VARCHAR, $3::VARCHAR, $4::VARCHAR, $5::VARCHAR, $6::VARCHAR]) AND pg_catalog.pg_table_is_visible(pg_catalog.pg_class.oid) AND pg_catalog.pg_namespace.nspname != $7::VARCHAR
2026-03-03 20:20:43 - sqlalchemy.engine.Engine - INFO - [cached since 0.04097s ago] ('cleaning_logs', 'r', 'p', 'f', 'v', 'm', 'pg_catalog')
2026-03-03 20:20:43 - sqlalchemy.engine.Engine - INFO - SELECT pg_catalog.pg_type.typname 
FROM pg_catalog.pg_type JOIN pg_catalog.pg_namespace ON pg_catalog.pg_namespace.oid = pg_catalog.pg_type.typnamespace 
WHERE pg_catalog.pg_type.typname = $1::VARCHAR AND pg_catalog.pg_type_is_visible(pg_catalog.pg_type.oid) AND pg_catalog.pg_namespace.nspname != $2::VARCHAR
2026-03-03 20:20:43 - sqlalchemy.engine.Engine - INFO - [generated in 0.00235s] ('datasetstatus', 'pg_catalog')
2026-03-03 20:20:43 - sqlalchemy.engine.Engine - INFO - COMMIT
2026-03-03 20:20:43 - app.core.database - INFO - Database initialized
2026-03-03 20:20:43 - app.core.cache - INFO - Redis connected
2026-03-03 20:20:45 - root - INFO - Shutting down...
2026-03-03 20:20:45 - app.core.database - INFO - Database connection closed
2026-03-03 20:20:45 - app.core.cache - INFO - Redis connection closed
2026-03-03 20:20:52 - root - INFO - Starting AI Data Analytics Service v1.0.0
2026-03-03 20:20:52 - root - INFO - Environment: development
2026-03-03 20:20:53 - sqlalchemy.engine.Engine - INFO - select pg_catalog.version()
2026-03-03 20:20:53 - sqlalchemy.engine.Engine - INFO - [raw sql] ()
2026-03-03 20:20:53 - sqlalchemy.engine.Engine - INFO - select current_schema()
2026-03-03 20:20:53 - sqlalchemy.engine.Engine - INFO - [raw sql] ()
2026-03-03 20:20:53 - sqlalchemy.engine.Engine - INFO - show standard_conforming_strings
2026-03-03 20:20:53 - sqlalchemy.engine.Engine - INFO - [raw sql] ()
2026-03-03 20:20:53 - sqlalchemy.engine.Engine - INFO - BEGIN (implicit)
2026-03-03 20:20:53 - sqlalchemy.engine.Engine - INFO - SELECT pg_catalog.pg_class.relname 
FROM pg_catalog.pg_class JOIN pg_catalog.pg_namespace ON pg_catalog.pg_namespace.oid = pg_catalog.pg_class.relnamespace 
WHERE pg_catalog.pg_class.relname = $1::VARCHAR AND pg_catalog.pg_class.relkind = ANY (ARRAY[$2::VARCHAR, $3::VARCHAR, $4::VARCHAR, $5::VARCHAR, $6::VARCHAR]) AND pg_catalog.pg_table_is_visible(pg_catalog.pg_class.oid) AND pg_catalog.pg_namespace.nspname != $7::VARCHAR
2026-03-03 20:20:53 - sqlalchemy.engine.Engine - INFO - [generated in 0.00120s] ('datasets', 'r', 'p', 'f', 'v', 'm', 'pg_catalog')
2026-03-03 20:20:53 - sqlalchemy.engine.Engine - INFO - SELECT pg_catalog.pg_class.relname 
FROM pg_catalog.pg_class JOIN pg_catalog.pg_namespace ON pg_catalog.pg_namespace.oid = pg_catalog.pg_class.relnamespace 
WHERE pg_catalog.pg_class.relname = $1::VARCHAR AND pg_catalog.pg_class.relkind = ANY (ARRAY[$2::VARCHAR, $3::VARCHAR, $4::VARCHAR, $5::VARCHAR, $6::VARCHAR]) AND pg_catalog.pg_table_is_visible(pg_catalog.pg_class.oid) AND pg_catalog.pg_namespace.nspname != $7::VARCHAR
2026-03-03 20:20:53 - sqlalchemy.engine.Engine - INFO - [cached since 0.009756s ago] ('cleaning_profiles', 'r', 'p', 'f', 'v', 'm', 'pg_catalog')
2026-03-03 20:20:53 - sqlalchemy.engine.Engine - INFO - SELECT pg_catalog.pg_class.relname 
FROM pg_catalog.pg_class JOIN pg_catalog.pg_namespace ON pg_catalog.pg_namespace.oid = pg_catalog.pg_class.relnamespace 
WHERE pg_catalog.pg_class.relname = $1::VARCHAR AND pg_catalog.pg_class.relkind = ANY (ARRAY[$2::VARCHAR, $3::VARCHAR, $4::VARCHAR, $5::VARCHAR, $6::VARCHAR]) AND pg_catalog.pg_table_is_visible(pg_catalog.pg_class.oid) AND pg_catalog.pg_namespace.nspname != $7::VARCHAR
2026-03-03 20:20:53 - sqlalchemy.engine.Engine - INFO - [cached since 0.01248s ago] ('cleaning_logs', 'r', 'p', 'f', 'v', 'm', 'pg_catalog')
2026-03-03 20:20:53 - sqlalchemy.engine.Engine - INFO - SELECT pg_catalog.pg_type.typname 
FROM pg_catalog.pg_type JOIN pg_catalog.pg_namespace ON pg_catalog.pg_namespace.oid = pg_catalog.pg_type.typnamespace 
WHERE pg_catalog.pg_type.typname = $1::VARCHAR AND pg_catalog.pg_type_is_visible(pg_catalog.pg_type.oid) AND pg_catalog.pg_namespace.nspname != $2::VARCHAR
2026-03-03 20:20:53 - sqlalchemy.engine.Engine - INFO - [generated in 0.00092s] ('datasetstatus', 'pg_catalog')
2026-03-03 20:20:53 - sqlalchemy.engine.Engine - INFO - COMMIT
2026-03-03 20:20:53 - app.core.database - INFO - Database initialized
2026-03-03 20:20:53 - app.core.cache - INFO - Redis connected
2026-03-04 15:16:20 - root - INFO - Starting AI Data Analytics Service v1.0.0
2026-03-04 15:16:20 - root - INFO - Environment: development
2026-03-04 15:16:20 - sqlalchemy.engine.Engine - INFO - select pg_catalog.version()
2026-03-04 15:16:20 - sqlalchemy.engine.Engine - INFO - [raw sql] ()
2026-03-04 15:16:21 - sqlalchemy.engine.Engine - INFO - select current_schema()
2026-03-04 15:16:21 - sqlalchemy.engine.Engine - INFO - [raw sql] ()
2026-03-04 15:16:21 - sqlalchemy.engine.Engine - INFO - show standard_conforming_strings
2026-03-04 15:16:21 - sqlalchemy.engine.Engine - INFO - [raw sql] ()
2026-03-04 15:16:21 - sqlalchemy.engine.Engine - INFO - BEGIN (implicit)
2026-03-04 15:16:21 - sqlalchemy.engine.Engine - INFO - SELECT pg_catalog.pg_class.relname 
FROM pg_catalog.pg_class JOIN pg_catalog.pg_namespace ON pg_catalog.pg_namespace.oid = pg_catalog.pg_class.relnamespace 
WHERE pg_catalog.pg_class.relname = $1::VARCHAR AND pg_catalog.pg_class.relkind = ANY (ARRAY[$2::VARCHAR, $3::VARCHAR, $4::VARCHAR, $5::VARCHAR, $6::VARCHAR]) AND pg_catalog.pg_table_is_visible(pg_catalog.pg_class.oid) AND pg_catalog.pg_namespace.nspname != $7::VARCHAR
2026-03-04 15:16:21 - sqlalchemy.engine.Engine - INFO - [generated in 0.00113s] ('datasets', 'r', 'p', 'f', 'v', 'm', 'pg_catalog')
2026-03-04 15:16:21 - sqlalchemy.engine.Engine - INFO - SELECT pg_catalog.pg_class.relname 
FROM pg_catalog.pg_class JOIN pg_catalog.pg_namespace ON pg_catalog.pg_namespace.oid = pg_catalog.pg_class.relnamespace 
WHERE pg_catalog.pg_class.relname = $1::VARCHAR AND pg_catalog.pg_class.relkind = ANY (ARRAY[$2::VARCHAR, $3::VARCHAR, $4::VARCHAR, $5::VARCHAR, $6::VARCHAR]) AND pg_catalog.pg_table_is_visible(pg_catalog.pg_class.oid) AND pg_catalog.pg_namespace.nspname != $7::VARCHAR
2026-03-04 15:16:21 - sqlalchemy.engine.Engine - INFO - [cached since 0.0565s ago] ('cleaning_profiles', 'r', 'p', 'f', 'v', 'm', 'pg_catalog')
2026-03-04 15:16:21 - sqlalchemy.engine.Engine - INFO - SELECT pg_catalog.pg_class.relname 
FROM pg_catalog.pg_class JOIN pg_catalog.pg_namespace ON pg_catalog.pg_namespace.oid = pg_catalog.pg_class.relnamespace 
WHERE pg_catalog.pg_class.relname = $1::VARCHAR AND pg_catalog.pg_class.relkind = ANY (ARRAY[$2::VARCHAR, $3::VARCHAR, $4::VARCHAR, $5::VARCHAR, $6::VARCHAR]) AND pg_catalog.pg_table_is_visible(pg_catalog.pg_class.oid) AND pg_catalog.pg_namespace.nspname != $7::VARCHAR
2026-03-04 15:16:21 - sqlalchemy.engine.Engine - INFO - [cached since 0.05906s ago] ('cleaning_logs', 'r', 'p', 'f', 'v', 'm', 'pg_catalog')
2026-03-04 15:16:21 - sqlalchemy.engine.Engine - INFO - SELECT pg_catalog.pg_type.typname 
FROM pg_catalog.pg_type JOIN pg_catalog.pg_namespace ON pg_catalog.pg_namespace.oid = pg_catalog.pg_type.typnamespace 
WHERE pg_catalog.pg_type.typname = $1::VARCHAR AND pg_catalog.pg_type_is_visible(pg_catalog.pg_type.oid) AND pg_catalog.pg_namespace.nspname != $2::VARCHAR
2026-03-04 15:16:21 - sqlalchemy.engine.Engine - INFO - [generated in 0.00097s] ('datasetstatus', 'pg_catalog')
2026-03-04 15:16:21 - sqlalchemy.engine.Engine - INFO - COMMIT
2026-03-04 15:16:21 - app.core.database - INFO - Database initialized
2026-03-04 15:16:21 - app.core.cache - INFO - Redis connected
2026-03-04 15:28:18 - sqlalchemy.engine.Engine - INFO - BEGIN (implicit)
2026-03-04 15:28:18 - sqlalchemy.engine.Engine - INFO - SELECT datasets.id, datasets.filename, datasets.original_filename, datasets.file_path, datasets.file_size, datasets.file_type, datasets.status, datasets.row_count, datasets.column_count, datasets.columns, datasets.column_types, datasets.summary_stats, datasets.created_at, datasets.updated_at 
FROM datasets ORDER BY datasets.created_at DESC 
 LIMIT $1::INTEGER OFFSET $2::INTEGER
2026-03-04 15:28:18 - sqlalchemy.engine.Engine - INFO - [generated in 0.00146s] (10, 0)
2026-03-04 15:28:18 - sqlalchemy.engine.Engine - INFO - SELECT count(datasets.id) AS count_1 
FROM datasets
2026-03-04 15:28:18 - sqlalchemy.engine.Engine - INFO - [generated in 0.00068s] ()
2026-03-04 15:28:18 - sqlalchemy.engine.Engine - INFO - COMMIT
2026-03-04 15:29:20 - sqlalchemy.engine.Engine - INFO - BEGIN (implicit)
2026-03-04 15:29:20 - sqlalchemy.engine.Engine - INFO - SELECT datasets.id, datasets.filename, datasets.original_filename, datasets.file_path, datasets.file_size, datasets.file_type, datasets.status, datasets.row_count, datasets.column_count, datasets.columns, datasets.column_types, datasets.summary_stats, datasets.created_at, datasets.updated_at 
FROM datasets 
WHERE datasets.id = $1::INTEGER
2026-03-04 15:29:20 - sqlalchemy.engine.Engine - INFO - [generated in 0.00145s] (1,)
2026-03-04 15:29:20 - app.services.data.parser_service - INFO - Parsed csv file: 2513 rows, 15 columns
2026-03-04 15:29:20 - sqlalchemy.engine.Engine - INFO - COMMIT
2026-03-04 15:33:05 - app.services.data.ingestion_service - INFO - File saved: f708f14b-8668-4f58-b707-27dbff4d35e5.csv (17618851 bytes)
2026-03-04 15:33:05 - sqlalchemy.engine.Engine - INFO - BEGIN (implicit)
2026-03-04 15:33:05 - sqlalchemy.engine.Engine - INFO - INSERT INTO datasets (filename, original_filename, file_path, file_size, file_type, status, row_count, column_count, updated_at) VALUES ($1::VARCHAR, $2::VARCHAR, $3::VARCHAR, $4::BIGINT, $5::VARCHAR, $6::datasetstatus, $7::INTEGER, $8::INTEGER, $9::TIMESTAMP WITH TIME ZONE) RETURNING datasets.id, datasets.created_at
2026-03-04 15:33:05 - sqlalchemy.engine.Engine - INFO - [generated in 0.00153s] ('f708f14b-8668-4f58-b707-27dbff4d35e5.csv', 'global_ai_jobs.csv', 'uploads\\f708f14b-8668-4f58-b707-27dbff4d35e5.csv', 17618851, 'csv', 'UPLOADED', None, None, None)
2026-03-04 15:33:05 - sqlalchemy.engine.Engine - INFO - SELECT datasets.id, datasets.filename, datasets.original_filename, datasets.file_path, datasets.file_size, datasets.file_type, datasets.status, datasets.row_count, datasets.column_count, datasets.columns, datasets.column_types, datasets.summary_stats, datasets.created_at, datasets.updated_at 
FROM datasets 
WHERE datasets.id = $1::INTEGER
2026-03-04 15:33:05 - sqlalchemy.engine.Engine - INFO - [generated in 0.00102s] (3,)
2026-03-04 15:33:05 - app.repositories.dataset_repository - INFO - Created dataset: 3
2026-03-04 15:33:05 - app.api.v1.routes.upload - INFO - File uploaded: global_ai_jobs.csv -> Dataset ID: 3
2026-03-04 15:33:05 - sqlalchemy.engine.Engine - INFO - BEGIN (implicit)
2026-03-04 15:33:05 - sqlalchemy.engine.Engine - INFO - UPDATE datasets SET status=$1::datasetstatus, updated_at=now() WHERE datasets.id = $2::INTEGER
2026-03-04 15:33:05 - sqlalchemy.engine.Engine - INFO - [generated in 0.00054s] ('PROCESSING', 3)
2026-03-04 15:33:05 - sqlalchemy.engine.Engine - INFO - COMMIT
2026-03-04 15:33:05 - sqlalchemy.engine.Engine - INFO - BEGIN (implicit)
2026-03-04 15:33:05 - sqlalchemy.engine.Engine - INFO - SELECT datasets.id, datasets.filename, datasets.original_filename, datasets.file_path, datasets.file_size, datasets.file_type, datasets.status, datasets.row_count, datasets.column_count, datasets.columns, datasets.column_types, datasets.summary_stats, datasets.created_at, datasets.updated_at 
FROM datasets 
WHERE datasets.id = $1::INTEGER
2026-03-04 15:33:05 - sqlalchemy.engine.Engine - INFO - [cached since 225.3s ago] (3,)
2026-03-04 15:33:06 - app.services.data.parser_service - INFO - Parsed csv file: 90000 rows, 35 columns
2026-03-04 15:33:06 - sqlalchemy.engine.Engine - INFO - UPDATE datasets SET status=$1::datasetstatus, row_count=$2::INTEGER, column_count=$3::INTEGER, columns=$4::JSON, column_types=$5::JSON, summary_stats=$6::JSON, updated_at=now() WHERE datasets.id = $7::INTEGER
2026-03-04 15:33:06 - sqlalchemy.engine.Engine - INFO - [generated in 0.00098s] ('PROCESSED', 90000, 35, '["id", "country", "job_role", "ai_specialization", "experience_level", "experience_years", "salary_usd", "bonus_usd", "education_required", "industry ... (353 characters truncated) ... ty_score", "career_growth_score", "work_life_balance_score", "promotion_speed", "salary_percentile", "cost_of_living_index", "employee_satisfaction"]', '{"id": "int64", "country": "str", "job_role": "str", "ai_specialization": "str", "experience_level": "str", "experience_years": "int64", "salary_usd" ... (670 characters truncated) ... lance_score": "int64", "promotion_speed": "int64", "salary_percentile": "int64", "cost_of_living_index": "float64", "employee_satisfaction": "int64"}', '{"id": {"count": 90000.0, "mean": 45000.5, "std": 25980.90645069952, "min": 1.0, "25%": 22500.75, "50%": 45000.5, "75%": 67500.25, "max": 90000.0}, " ... (4015 characters truncated) ... mployee_satisfaction": {"count": 90000.0, "mean": 72.7331, "std": 8.12401774901255, "min": 42.0, "25%": 67.0, "50%": 73.0, "75%": 78.0, "max": 99.0}}', 3)
2026-03-04 15:33:06 - sqlalchemy.engine.Engine - INFO - COMMIT
2026-03-04 15:33:06 - sqlalchemy.engine.Engine - INFO - BEGIN (implicit)
2026-03-04 15:33:06 - sqlalchemy.engine.Engine - INFO - SELECT datasets.id, datasets.filename, datasets.original_filename, datasets.file_path, datasets.file_size, datasets.file_type, datasets.status, datasets.row_count, datasets.column_count, datasets.columns, datasets.column_types, datasets.summary_stats, datasets.created_at, datasets.updated_at 
FROM datasets 
WHERE datasets.id = $1::INTEGER
2026-03-04 15:33:06 - sqlalchemy.engine.Engine - INFO - [cached since 226.3s ago] (3,)
2026-03-04 15:33:06 - app.api.v1.routes.upload - INFO - Dataset 3 processed successfully
2026-03-04 15:33:06 - sqlalchemy.engine.Engine - INFO - ROLLBACK
2026-03-04 15:33:06 - sqlalchemy.engine.Engine - INFO - COMMIT
2026-03-04 15:33:26 - sqlalchemy.engine.Engine - INFO - BEGIN (implicit)
2026-03-04 15:33:26 - sqlalchemy.engine.Engine - INFO - SELECT datasets.id, datasets.filename, datasets.original_filename, datasets.file_path, datasets.file_size, datasets.file_type, datasets.status, datasets.row_count, datasets.column_count, datasets.columns, datasets.column_types, datasets.summary_stats, datasets.created_at, datasets.updated_at 
FROM datasets 
WHERE datasets.id = $1::INTEGER
2026-03-04 15:33:26 - sqlalchemy.engine.Engine - INFO - [cached since 246.3s ago] (3,)
2026-03-04 15:33:26 - sqlalchemy.engine.Engine - INFO - COMMIT
2026-03-04 15:33:47 - sqlalchemy.engine.Engine - INFO - BEGIN (implicit)
2026-03-04 15:33:47 - sqlalchemy.engine.Engine - INFO - SELECT datasets.id, datasets.filename, datasets.original_filename, datasets.file_path, datasets.file_size, datasets.file_type, datasets.status, datasets.row_count, datasets.column_count, datasets.columns, datasets.column_types, datasets.summary_stats, datasets.created_at, datasets.updated_at 
FROM datasets 
WHERE datasets.id = $1::INTEGER
2026-03-04 15:33:47 - sqlalchemy.engine.Engine - INFO - [cached since 267s ago] (3,)
2026-03-04 15:33:48 - app.services.data.parser_service - INFO - Parsed csv file: 90000 rows, 35 columns
2026-03-04 15:33:49 - sqlalchemy.engine.Engine - INFO - COMMIT
2026-03-04 15:35:50 - app.services.data.ingestion_service - INFO - File saved: 527fb3ab-af08-4c58-baa2-99e14730bce9.csv (174903 bytes)
2026-03-04 15:35:50 - sqlalchemy.engine.Engine - INFO - BEGIN (implicit)
2026-03-04 15:35:50 - sqlalchemy.engine.Engine - INFO - INSERT INTO datasets (filename, original_filename, file_path, file_size, file_type, status, row_count, column_count, updated_at) VALUES ($1::VARCHAR, $2::VARCHAR, $3::VARCHAR, $4::BIGINT, $5::VARCHAR, $6::datasetstatus, $7::INTEGER, $8::INTEGER, $9::TIMESTAMP WITH TIME ZONE) RETURNING datasets.id, datasets.created_at
2026-03-04 15:35:50 - sqlalchemy.engine.Engine - INFO - [cached since 165.3s ago] ('527fb3ab-af08-4c58-baa2-99e14730bce9.csv', 'laptopData.csv', 'uploads\\527fb3ab-af08-4c58-baa2-99e14730bce9.csv', 174903, 'csv', 'UPLOADED', None, None, None)
2026-03-04 15:35:50 - sqlalchemy.engine.Engine - INFO - SELECT datasets.id, datasets.filename, datasets.original_filename, datasets.file_path, datasets.file_size, datasets.file_type, datasets.status, datasets.row_count, datasets.column_count, datasets.columns, datasets.column_types, datasets.summary_stats, datasets.created_at, datasets.updated_at 
FROM datasets 
WHERE datasets.id = $1::INTEGER
2026-03-04 15:35:50 - sqlalchemy.engine.Engine - INFO - [cached since 165.2s ago] (4,)
2026-03-04 15:35:50 - app.repositories.dataset_repository - INFO - Created dataset: 4
2026-03-04 15:35:50 - app.api.v1.routes.upload - INFO - File uploaded: laptopData.csv -> Dataset ID: 4
2026-03-04 15:35:50 - sqlalchemy.engine.Engine - INFO - BEGIN (implicit)
2026-03-04 15:35:50 - sqlalchemy.engine.Engine - INFO - UPDATE datasets SET status=$1::datasetstatus, updated_at=now() WHERE datasets.id = $2::INTEGER
2026-03-04 15:35:50 - sqlalchemy.engine.Engine - INFO - [cached since 165.1s ago] ('PROCESSING', 4)
2026-03-04 15:35:50 - sqlalchemy.engine.Engine - INFO - COMMIT
2026-03-04 15:35:50 - sqlalchemy.engine.Engine - INFO - BEGIN (implicit)
2026-03-04 15:35:50 - sqlalchemy.engine.Engine - INFO - SELECT datasets.id, datasets.filename, datasets.original_filename, datasets.file_path, datasets.file_size, datasets.file_type, datasets.status, datasets.row_count, datasets.column_count, datasets.columns, datasets.column_types, datasets.summary_stats, datasets.created_at, datasets.updated_at 
FROM datasets 
WHERE datasets.id = $1::INTEGER
2026-03-04 15:35:50 - sqlalchemy.engine.Engine - INFO - [cached since 390.3s ago] (4,)
2026-03-04 15:35:50 - app.services.data.parser_service - INFO - Parsed csv file: 1303 rows, 12 columns
2026-03-04 15:35:50 - sqlalchemy.engine.Engine - INFO - UPDATE datasets SET status=$1::datasetstatus, row_count=$2::INTEGER, column_count=$3::INTEGER, columns=$4::JSON, column_types=$5::JSON, summary_stats=$6::JSON, updated_at=now() WHERE datasets.id = $7::INTEGER
2026-03-04 15:35:50 - sqlalchemy.engine.Engine - INFO - [cached since 164.1s ago] ('PROCESSED', 1303, 12, '["Unnamed: 0", "Company", "TypeName", "Inches", "ScreenResolution", "Cpu", "Ram", "Memory", "Gpu", "OpSys", "Weight", "Price"]', '{"Unnamed: 0": "float64", "Company": "str", "TypeName": "str", "Inches": "str", "ScreenResolution": "str", "Cpu": "str", "Ram": "str", "Memory": "str", "Gpu": "str", "OpSys": "str", "Weight": "str", "Price": "float64"}', '{"Unnamed: 0": {"count": 1273.0, "mean": 652.6747839748625, "std": 376.49302715628085, "min": 0.0, "25%": 327.0, "50%": 652.0, "75%": 980.0, "max": 1 ... (27 characters truncated) ... 1273.0, "mean": 59955.81407321288, "std": 37332.251004569844, "min": 9270.72, "25%": 31914.72, "50%": 52161.12, "75%": 79333.3872, "max": 324954.72}}', 4)
2026-03-04 15:35:50 - sqlalchemy.engine.Engine - INFO - COMMIT
2026-03-04 15:35:50 - sqlalchemy.engine.Engine - INFO - BEGIN (implicit)
2026-03-04 15:35:50 - sqlalchemy.engine.Engine - INFO - SELECT datasets.id, datasets.filename, datasets.original_filename, datasets.file_path, datasets.file_size, datasets.file_type, datasets.status, datasets.row_count, datasets.column_count, datasets.columns, datasets.column_types, datasets.summary_stats, datasets.created_at, datasets.updated_at 
FROM datasets 
WHERE datasets.id = $1::INTEGER
2026-03-04 15:35:50 - sqlalchemy.engine.Engine - INFO - [cached since 390.4s ago] (4,)
2026-03-04 15:35:50 - app.api.v1.routes.upload - INFO - Dataset 4 processed successfully
2026-03-04 15:35:50 - sqlalchemy.engine.Engine - INFO - ROLLBACK
2026-03-04 15:35:50 - sqlalchemy.engine.Engine - INFO - COMMIT
2026-03-04 15:35:58 - sqlalchemy.engine.Engine - INFO - BEGIN (implicit)
2026-03-04 15:35:58 - sqlalchemy.engine.Engine - INFO - SELECT datasets.id, datasets.filename, datasets.original_filename, datasets.file_path, datasets.file_size, datasets.file_type, datasets.status, datasets.row_count, datasets.column_count, datasets.columns, datasets.column_types, datasets.summary_stats, datasets.created_at, datasets.updated_at 
FROM datasets 
WHERE datasets.id = $1::INTEGER
2026-03-04 15:35:58 - sqlalchemy.engine.Engine - INFO - [cached since 398.3s ago] (4,)
2026-03-04 15:35:58 - app.services.data.parser_service - INFO - Parsed csv file: 1303 rows, 12 columns
2026-03-04 15:35:58 - sqlalchemy.engine.Engine - INFO - COMMIT
2026-03-04 15:37:05 - sqlalchemy.engine.Engine - INFO - BEGIN (implicit)
2026-03-04 15:37:05 - sqlalchemy.engine.Engine - INFO - INSERT INTO cleaning_profiles (name, description, handle_missing, missing_fill_strategy, missing_fill_value, remove_duplicates, duplicate_subset, fix_data_types, detect_outliers, outlier_method, outlier_threshold, outlier_action, strip_whitespace, standardize_text, standardize_dates, date_format, normalize_numeric, normalization_method, is_default, updated_at) VALUES ($1::VARCHAR, $2::VARCHAR, $3::VARCHAR, $4::VARCHAR, $5::VARCHAR, $6::BOOLEAN, $7::JSON, $8::BOOLEAN, $9::BOOLEAN, $10::VARCHAR, $11::FLOAT, $12::VARCHAR, $13::BOOLEAN, $14::BOOLEAN, $15::BOOLEAN, $16::VARCHAR, $17::BOOLEAN, $18::VARCHAR, $19::BOOLEAN, $20::TIMESTAMP WITH TIME ZONE) RETURNING cleaning_profiles.id, cleaning_profiles.created_at
2026-03-04 15:37:05 - sqlalchemy.engine.Engine - INFO - [generated in 0.00335s] ('Quick Clean', 'Fast cleaning for daily use', <MissingValueStrategy.FILL: 'fill'>, <FillStrategy.MEAN: 'mean'>, None, True, 'null', True, True, <OutlierMethod.IQR: 'iqr'>, 1.5, <OutlierAction.FLAG: 'flag'>, True, False, True, None, False, None, False, None)
2026-03-04 15:37:05 - sqlalchemy.engine.Engine - INFO - SELECT cleaning_profiles.id, cleaning_profiles.name, cleaning_profiles.description, cleaning_profiles.handle_missing, cleaning_profiles.missing_fill_strategy, cleaning_profiles.missing_fill_value, cleaning_profiles.remove_duplicates, cleaning_profiles.duplicate_subset, cleaning_profiles.fix_data_types, cleaning_profiles.detect_outliers, cleaning_profiles.outlier_method, cleaning_profiles.outlier_threshold, cleaning_profiles.outlier_action, cleaning_profiles.strip_whitespace, cleaning_profiles.standardize_text, cleaning_profiles.standardize_dates, cleaning_profiles.date_format, cleaning_profiles.normalize_numeric, cleaning_profiles.normalization_method, cleaning_profiles.is_default, cleaning_profiles.created_at, cleaning_profiles.updated_at 
FROM cleaning_profiles 
WHERE cleaning_profiles.id = $1::INTEGER
2026-03-04 15:37:05 - sqlalchemy.engine.Engine - INFO - [generated in 0.00405s] (1,)
2026-03-04 15:37:05 - app.api.v1.routes.cleaning - INFO - Created cleaning profile: Quick Clean
2026-03-04 15:37:05 - sqlalchemy.engine.Engine - INFO - COMMIT
2026-03-04 15:37:09 - sqlalchemy.engine.Engine - INFO - BEGIN (implicit)
2026-03-04 15:37:09 - sqlalchemy.engine.Engine - INFO - INSERT INTO cleaning_profiles (name, description, handle_missing, missing_fill_strategy, missing_fill_value, remove_duplicates, duplicate_subset, fix_data_types, detect_outliers, outlier_method, outlier_threshold, outlier_action, strip_whitespace, standardize_text, standardize_dates, date_format, normalize_numeric, normalization_method, is_default, updated_at) VALUES ($1::VARCHAR, $2::VARCHAR, $3::VARCHAR, $4::VARCHAR, $5::VARCHAR, $6::BOOLEAN, $7::JSON, $8::BOOLEAN, $9::BOOLEAN, $10::VARCHAR, $11::FLOAT, $12::VARCHAR, $13::BOOLEAN, $14::BOOLEAN, $15::BOOLEAN, $16::VARCHAR, $17::BOOLEAN, $18::VARCHAR, $19::BOOLEAN, $20::TIMESTAMP WITH TIME ZONE) RETURNING cleaning_profiles.id, cleaning_profiles.created_at
2026-03-04 15:37:09 - sqlalchemy.engine.Engine - INFO - [cached since 3.694s ago] ('Quick Clean', 'Fast cleaning for daily use', <MissingValueStrategy.FILL: 'fill'>, <FillStrategy.MEAN: 'mean'>, None, True, 'null', True, True, <OutlierMethod.IQR: 'iqr'>, 1.5, <OutlierAction.FLAG: 'flag'>, True, False, True, None, False, None, False, None)
2026-03-04 15:37:09 - sqlalchemy.engine.Engine - INFO - SELECT cleaning_profiles.id, cleaning_profiles.name, cleaning_profiles.description, cleaning_profiles.handle_missing, cleaning_profiles.missing_fill_strategy, cleaning_profiles.missing_fill_value, cleaning_profiles.remove_duplicates, cleaning_profiles.duplicate_subset, cleaning_profiles.fix_data_types, cleaning_profiles.detect_outliers, cleaning_profiles.outlier_method, cleaning_profiles.outlier_threshold, cleaning_profiles.outlier_action, cleaning_profiles.strip_whitespace, cleaning_profiles.standardize_text, cleaning_profiles.standardize_dates, cleaning_profiles.date_format, cleaning_profiles.normalize_numeric, cleaning_profiles.normalization_method, cleaning_profiles.is_default, cleaning_profiles.created_at, cleaning_profiles.updated_at 
FROM cleaning_profiles 
WHERE cleaning_profiles.id = $1::INTEGER
2026-03-04 15:37:09 - sqlalchemy.engine.Engine - INFO - [cached since 3.69s ago] (2,)
2026-03-04 15:37:09 - app.api.v1.routes.cleaning - INFO - Created cleaning profile: Quick Clean
2026-03-04 15:37:09 - sqlalchemy.engine.Engine - INFO - COMMIT
2026-03-04 15:38:35 - sqlalchemy.engine.Engine - INFO - BEGIN (implicit)
2026-03-04 15:38:35 - sqlalchemy.engine.Engine - INFO - SELECT cleaning_profiles.id, cleaning_profiles.name, cleaning_profiles.description, cleaning_profiles.handle_missing, cleaning_profiles.missing_fill_strategy, cleaning_profiles.missing_fill_value, cleaning_profiles.remove_duplicates, cleaning_profiles.duplicate_subset, cleaning_profiles.fix_data_types, cleaning_profiles.detect_outliers, cleaning_profiles.outlier_method, cleaning_profiles.outlier_threshold, cleaning_profiles.outlier_action, cleaning_profiles.strip_whitespace, cleaning_profiles.standardize_text, cleaning_profiles.standardize_dates, cleaning_profiles.date_format, cleaning_profiles.normalize_numeric, cleaning_profiles.normalization_method, cleaning_profiles.is_default, cleaning_profiles.created_at, cleaning_profiles.updated_at 
FROM cleaning_profiles
2026-03-04 15:38:35 - sqlalchemy.engine.Engine - INFO - [generated in 0.00571s] ()
2026-03-04 15:38:35 - sqlalchemy.engine.Engine - INFO - COMMIT
2026-03-04 15:41:16 - sqlalchemy.engine.Engine - INFO - BEGIN (implicit)
2026-03-04 15:41:16 - sqlalchemy.engine.Engine - INFO - SELECT datasets.id, datasets.filename, datasets.original_filename, datasets.file_path, datasets.file_size, datasets.file_type, datasets.status, datasets.row_count, datasets.column_count, datasets.columns, datasets.column_types, datasets.summary_stats, datasets.created_at, datasets.updated_at 
FROM datasets 
WHERE datasets.id = $1::INTEGER
2026-03-04 15:41:16 - sqlalchemy.engine.Engine - INFO - [cached since 715.8s ago] (4,)
2026-03-04 15:41:16 - sqlalchemy.engine.Engine - INFO - SELECT cleaning_profiles.id, cleaning_profiles.name, cleaning_profiles.description, cleaning_profiles.handle_missing, cleaning_profiles.missing_fill_strategy, cleaning_profiles.missing_fill_value, cleaning_profiles.remove_duplicates, cleaning_profiles.duplicate_subset, cleaning_profiles.fix_data_types, cleaning_profiles.detect_outliers, cleaning_profiles.outlier_method, cleaning_profiles.outlier_threshold, cleaning_profiles.outlier_action, cleaning_profiles.strip_whitespace, cleaning_profiles.standardize_text, cleaning_profiles.standardize_dates, cleaning_profiles.date_format, cleaning_profiles.normalize_numeric, cleaning_profiles.normalization_method, cleaning_profiles.is_default, cleaning_profiles.created_at, cleaning_profiles.updated_at 
FROM cleaning_profiles 
WHERE cleaning_profiles.id = $1::INTEGER
2026-03-04 15:41:16 - sqlalchemy.engine.Engine - INFO - [generated in 0.00140s] (1,)
2026-03-04 15:41:16 - app.services.data.parser_service - INFO - Parsed csv file: 1303 rows, 12 columns
2026-03-04 15:41:16 - app.services.data.cleaning_service - INFO - Handled 0 missing values using fill
2026-03-04 15:41:16 - app.services.data.cleaning_service - INFO - Removed 29 duplicate rows
2026-03-04 15:41:16 - app.services.data.cleaning_service - INFO - Fixed 0 column data types
2026-03-04 15:41:16 - app.services.data.cleaning_service - INFO - Detected 28 outliers using iqr method
2026-03-04 15:41:16 - sqlalchemy.engine.Engine - INFO - UPDATE datasets SET row_count=$1::INTEGER, column_count=$2::INTEGER, updated_at=now() WHERE datasets.id = $3::INTEGER
2026-03-04 15:41:16 - sqlalchemy.engine.Engine - INFO - [generated in 0.00092s] (1274, 13, 4)
2026-03-04 15:41:16 - sqlalchemy.engine.Engine - INFO - COMMIT
2026-03-04 15:41:16 - sqlalchemy.engine.Engine - INFO - BEGIN (implicit)
2026-03-04 15:41:16 - sqlalchemy.engine.Engine - INFO - SELECT datasets.id, datasets.filename, datasets.original_filename, datasets.file_path, datasets.file_size, datasets.file_type, datasets.status, datasets.row_count, datasets.column_count, datasets.columns, datasets.column_types, datasets.summary_stats, datasets.created_at, datasets.updated_at 
FROM datasets 
WHERE datasets.id = $1::INTEGER
2026-03-04 15:41:16 - sqlalchemy.engine.Engine - INFO - [cached since 715.9s ago] (4,)
2026-03-04 15:41:16 - sqlalchemy.engine.Engine - INFO - ROLLBACK
2026-03-04 15:41:16 - app.core.database - ERROR - Database error: (builtins.TypeError) Object of type int64 is not JSON serializable
[SQL: INSERT INTO cleaning_logs (dataset_id, profile_id, operations_performed, rows_before, rows_after, duplicates_removed, missing_values_handled, outliers_detected, data_types_fixed, cleaning_report) VALUES ($1::INTEGER, $2::INTEGER, $3::JSON, $4::INTEGER, $5::INTEGER, $6::INTEGER, $7::INTEGER, $8::INTEGER, $9::INTEGER, $10::JSON) RETURNING cleaning_logs.id, cleaning_logs.created_at]
[parameters: [{'dataset_id': 4, 'rows_after': 1274, 'missing_values_handled': np.int64(0), 'operations_performed': ['missing_values', 'duplicates', 'data_types', 'o ... (1045 characters truncated) ... None, 'changes': {}}}, 'rows_after': 1274, 'rows_removed': 29}, 'data_types_fixed': 0, 'profile_id': 1, 'duplicates_removed': 29, 'rows_before': 1303}]]
2026-03-04 15:42:05 - sqlalchemy.engine.Engine - INFO - BEGIN (implicit)
2026-03-04 15:42:05 - sqlalchemy.engine.Engine - INFO - SELECT datasets.id, datasets.filename, datasets.original_filename, datasets.file_path, datasets.file_size, datasets.file_type, datasets.status, datasets.row_count, datasets.column_count, datasets.columns, datasets.column_types, datasets.summary_stats, datasets.created_at, datasets.updated_at 
FROM datasets 
WHERE datasets.id = $1::INTEGER
2026-03-04 15:42:05 - sqlalchemy.engine.Engine - INFO - [cached since 765.3s ago] (2,)
2026-03-04 15:42:05 - sqlalchemy.engine.Engine - INFO - SELECT cleaning_profiles.id, cleaning_profiles.name, cleaning_profiles.description, cleaning_profiles.handle_missing, cleaning_profiles.missing_fill_strategy, cleaning_profiles.missing_fill_value, cleaning_profiles.remove_duplicates, cleaning_profiles.duplicate_subset, cleaning_profiles.fix_data_types, cleaning_profiles.detect_outliers, cleaning_profiles.outlier_method, cleaning_profiles.outlier_threshold, cleaning_profiles.outlier_action, cleaning_profiles.strip_whitespace, cleaning_profiles.standardize_text, cleaning_profiles.standardize_dates, cleaning_profiles.date_format, cleaning_profiles.normalize_numeric, cleaning_profiles.normalization_method, cleaning_profiles.is_default, cleaning_profiles.created_at, cleaning_profiles.updated_at 
FROM cleaning_profiles 
WHERE cleaning_profiles.id = $1::INTEGER
2026-03-04 15:42:05 - sqlalchemy.engine.Engine - INFO - [cached since 49.52s ago] (1,)
2026-03-04 15:42:05 - app.services.data.parser_service - INFO - Parsed csv file: 3 rows, 3 columns
2026-03-04 15:42:05 - app.services.data.cleaning_service - INFO - Handled 0 missing values using fill
2026-03-04 15:42:05 - app.services.data.cleaning_service - INFO - Removed 0 duplicate rows
2026-03-04 15:42:05 - app.services.data.cleaning_service - INFO - Fixed 0 column data types
2026-03-04 15:42:05 - app.services.data.cleaning_service - INFO - Detected 0 outliers using iqr method
2026-03-04 15:42:05 - sqlalchemy.engine.Engine - INFO - UPDATE datasets SET row_count=$1::INTEGER, column_count=$2::INTEGER, updated_at=now() WHERE datasets.id = $3::INTEGER
2026-03-04 15:42:05 - sqlalchemy.engine.Engine - INFO - [cached since 49.44s ago] (3, 3, 2)
2026-03-04 15:42:05 - sqlalchemy.engine.Engine - INFO - COMMIT
2026-03-04 15:42:05 - sqlalchemy.engine.Engine - INFO - BEGIN (implicit)
2026-03-04 15:42:05 - sqlalchemy.engine.Engine - INFO - SELECT datasets.id, datasets.filename, datasets.original_filename, datasets.file_path, datasets.file_size, datasets.file_type, datasets.status, datasets.row_count, datasets.column_count, datasets.columns, datasets.column_types, datasets.summary_stats, datasets.created_at, datasets.updated_at 
FROM datasets 
WHERE datasets.id = $1::INTEGER
2026-03-04 15:42:05 - sqlalchemy.engine.Engine - INFO - [cached since 765.3s ago] (2,)
2026-03-04 15:42:05 - sqlalchemy.engine.Engine - INFO - ROLLBACK
2026-03-04 15:42:05 - app.core.database - ERROR - Database error: (builtins.TypeError) Object of type int64 is not JSON serializable
[SQL: INSERT INTO cleaning_logs (dataset_id, profile_id, operations_performed, rows_before, rows_after, duplicates_removed, missing_values_handled, outliers_detected, data_types_fixed, cleaning_report) VALUES ($1::INTEGER, $2::INTEGER, $3::JSON, $4::INTEGER, $5::INTEGER, $6::INTEGER, $7::INTEGER, $8::INTEGER, $9::INTEGER, $10::JSON) RETURNING cleaning_logs.id, cleaning_logs.created_at]
[parameters: [{'dataset_id': 2, 'rows_after': 3, 'missing_values_handled': np.int64(0), 'operations_performed': ['missing_values', 'duplicates', 'data_types', 'outl ... (652 characters truncated) ... ormat': None, 'changes': {}}}, 'rows_after': 3, 'rows_removed': 0}, 'data_types_fixed': 0, 'profile_id': 1, 'duplicates_removed': 0, 'rows_before': 3}]]
2026-03-04 16:37:40 - root - INFO - Shutting down...
2026-03-04 16:37:41 - app.core.database - INFO - Database connection closed
2026-03-04 16:37:41 - app.core.cache - INFO - Redis connection closed
2026-03-04 16:37:52 - root - INFO - Starting AI Data Analytics Service v1.0.0
2026-03-04 16:37:52 - root - INFO - Environment: development
2026-03-04 16:37:52 - sqlalchemy.engine.Engine - INFO - select pg_catalog.version()
2026-03-04 16:37:52 - sqlalchemy.engine.Engine - INFO - [raw sql] ()
2026-03-04 16:37:52 - sqlalchemy.engine.Engine - INFO - select current_schema()
2026-03-04 16:37:52 - sqlalchemy.engine.Engine - INFO - [raw sql] ()
2026-03-04 16:37:52 - sqlalchemy.engine.Engine - INFO - show standard_conforming_strings
2026-03-04 16:37:52 - sqlalchemy.engine.Engine - INFO - [raw sql] ()
2026-03-04 16:37:52 - sqlalchemy.engine.Engine - INFO - BEGIN (implicit)
2026-03-04 16:37:52 - sqlalchemy.engine.Engine - INFO - SELECT pg_catalog.pg_class.relname 
FROM pg_catalog.pg_class JOIN pg_catalog.pg_namespace ON pg_catalog.pg_namespace.oid = pg_catalog.pg_class.relnamespace 
WHERE pg_catalog.pg_class.relname = $1::VARCHAR AND pg_catalog.pg_class.relkind = ANY (ARRAY[$2::VARCHAR, $3::VARCHAR, $4::VARCHAR, $5::VARCHAR, $6::VARCHAR]) AND pg_catalog.pg_table_is_visible(pg_catalog.pg_class.oid) AND pg_catalog.pg_namespace.nspname != $7::VARCHAR
2026-03-04 16:37:52 - sqlalchemy.engine.Engine - INFO - [generated in 0.00222s] ('datasets', 'r', 'p', 'f', 'v', 'm', 'pg_catalog')
2026-03-04 16:37:52 - sqlalchemy.engine.Engine - INFO - SELECT pg_catalog.pg_class.relname 
FROM pg_catalog.pg_class JOIN pg_catalog.pg_namespace ON pg_catalog.pg_namespace.oid = pg_catalog.pg_class.relnamespace 
WHERE pg_catalog.pg_class.relname = $1::VARCHAR AND pg_catalog.pg_class.relkind = ANY (ARRAY[$2::VARCHAR, $3::VARCHAR, $4::VARCHAR, $5::VARCHAR, $6::VARCHAR]) AND pg_catalog.pg_table_is_visible(pg_catalog.pg_class.oid) AND pg_catalog.pg_namespace.nspname != $7::VARCHAR
2026-03-04 16:37:52 - sqlalchemy.engine.Engine - INFO - [cached since 0.01246s ago] ('cleaning_profiles', 'r', 'p', 'f', 'v', 'm', 'pg_catalog')
2026-03-04 16:37:52 - sqlalchemy.engine.Engine - INFO - SELECT pg_catalog.pg_class.relname 
FROM pg_catalog.pg_class JOIN pg_catalog.pg_namespace ON pg_catalog.pg_namespace.oid = pg_catalog.pg_class.relnamespace 
WHERE pg_catalog.pg_class.relname = $1::VARCHAR AND pg_catalog.pg_class.relkind = ANY (ARRAY[$2::VARCHAR, $3::VARCHAR, $4::VARCHAR, $5::VARCHAR, $6::VARCHAR]) AND pg_catalog.pg_table_is_visible(pg_catalog.pg_class.oid) AND pg_catalog.pg_namespace.nspname != $7::VARCHAR
2026-03-04 16:37:52 - sqlalchemy.engine.Engine - INFO - [cached since 0.01619s ago] ('cleaning_logs', 'r', 'p', 'f', 'v', 'm', 'pg_catalog')
2026-03-04 16:37:52 - sqlalchemy.engine.Engine - INFO - SELECT pg_catalog.pg_type.typname 
FROM pg_catalog.pg_type JOIN pg_catalog.pg_namespace ON pg_catalog.pg_namespace.oid = pg_catalog.pg_type.typnamespace 
WHERE pg_catalog.pg_type.typname = $1::VARCHAR AND pg_catalog.pg_type_is_visible(pg_catalog.pg_type.oid) AND pg_catalog.pg_namespace.nspname != $2::VARCHAR
2026-03-04 16:37:52 - sqlalchemy.engine.Engine - INFO - [generated in 0.00129s] ('datasetstatus', 'pg_catalog')
2026-03-04 16:37:52 - sqlalchemy.engine.Engine - INFO - COMMIT
2026-03-04 16:37:52 - app.core.database - INFO - Database initialized
2026-03-04 16:37:52 - app.core.cache - INFO - Redis connected
2026-03-04 16:40:32 - root - INFO - Shutting down...
2026-03-04 16:40:32 - app.core.database - INFO - Database connection closed
2026-03-04 16:40:32 - app.core.cache - INFO - Redis connection closed
2026-03-04 16:40:48 - root - INFO - Starting AI Data Analytics Service v1.0.0
2026-03-04 16:40:48 - root - INFO - Environment: development
2026-03-04 16:40:48 - sqlalchemy.engine.Engine - INFO - select pg_catalog.version()
2026-03-04 16:40:48 - sqlalchemy.engine.Engine - INFO - [raw sql] ()
2026-03-04 16:40:48 - sqlalchemy.engine.Engine - INFO - select current_schema()
2026-03-04 16:40:48 - sqlalchemy.engine.Engine - INFO - [raw sql] ()
2026-03-04 16:40:48 - sqlalchemy.engine.Engine - INFO - show standard_conforming_strings
2026-03-04 16:40:48 - sqlalchemy.engine.Engine - INFO - [raw sql] ()
2026-03-04 16:40:48 - sqlalchemy.engine.Engine - INFO - BEGIN (implicit)
2026-03-04 16:40:48 - sqlalchemy.engine.Engine - INFO - SELECT pg_catalog.pg_class.relname 
FROM pg_catalog.pg_class JOIN pg_catalog.pg_namespace ON pg_catalog.pg_namespace.oid = pg_catalog.pg_class.relnamespace 
WHERE pg_catalog.pg_class.relname = $1::VARCHAR AND pg_catalog.pg_class.relkind = ANY (ARRAY[$2::VARCHAR, $3::VARCHAR, $4::VARCHAR, $5::VARCHAR, $6::VARCHAR]) AND pg_catalog.pg_table_is_visible(pg_catalog.pg_class.oid) AND pg_catalog.pg_namespace.nspname != $7::VARCHAR
2026-03-04 16:40:48 - sqlalchemy.engine.Engine - INFO - [generated in 0.00124s] ('datasets', 'r', 'p', 'f', 'v', 'm', 'pg_catalog')
2026-03-04 16:40:48 - sqlalchemy.engine.Engine - INFO - SELECT pg_catalog.pg_class.relname 
FROM pg_catalog.pg_class JOIN pg_catalog.pg_namespace ON pg_catalog.pg_namespace.oid = pg_catalog.pg_class.relnamespace 
WHERE pg_catalog.pg_class.relname = $1::VARCHAR AND pg_catalog.pg_class.relkind = ANY (ARRAY[$2::VARCHAR, $3::VARCHAR, $4::VARCHAR, $5::VARCHAR, $6::VARCHAR]) AND pg_catalog.pg_table_is_visible(pg_catalog.pg_class.oid) AND pg_catalog.pg_namespace.nspname != $7::VARCHAR
2026-03-04 16:40:48 - sqlalchemy.engine.Engine - INFO - [cached since 0.01083s ago] ('cleaning_profiles', 'r', 'p', 'f', 'v', 'm', 'pg_catalog')
2026-03-04 16:40:48 - sqlalchemy.engine.Engine - INFO - SELECT pg_catalog.pg_class.relname 
FROM pg_catalog.pg_class JOIN pg_catalog.pg_namespace ON pg_catalog.pg_namespace.oid = pg_catalog.pg_class.relnamespace 
WHERE pg_catalog.pg_class.relname = $1::VARCHAR AND pg_catalog.pg_class.relkind = ANY (ARRAY[$2::VARCHAR, $3::VARCHAR, $4::VARCHAR, $5::VARCHAR, $6::VARCHAR]) AND pg_catalog.pg_table_is_visible(pg_catalog.pg_class.oid) AND pg_catalog.pg_namespace.nspname != $7::VARCHAR
2026-03-04 16:40:48 - sqlalchemy.engine.Engine - INFO - [cached since 0.01381s ago] ('cleaning_logs', 'r', 'p', 'f', 'v', 'm', 'pg_catalog')
2026-03-04 16:40:48 - sqlalchemy.engine.Engine - INFO - SELECT pg_catalog.pg_type.typname 
FROM pg_catalog.pg_type JOIN pg_catalog.pg_namespace ON pg_catalog.pg_namespace.oid = pg_catalog.pg_type.typnamespace 
WHERE pg_catalog.pg_type.typname = $1::VARCHAR AND pg_catalog.pg_type_is_visible(pg_catalog.pg_type.oid) AND pg_catalog.pg_namespace.nspname != $2::VARCHAR
2026-03-04 16:40:48 - sqlalchemy.engine.Engine - INFO - [generated in 0.00093s] ('datasetstatus', 'pg_catalog')
2026-03-04 16:40:48 - sqlalchemy.engine.Engine - INFO - COMMIT
2026-03-04 16:40:48 - app.core.database - INFO - Database initialized
2026-03-04 16:40:48 - app.core.cache - INFO - Redis connected
2026-03-04 16:41:03 - sqlalchemy.engine.Engine - INFO - BEGIN (implicit)
2026-03-04 16:41:03 - sqlalchemy.engine.Engine - INFO - SELECT datasets.id, datasets.filename, datasets.original_filename, datasets.file_path, datasets.file_size, datasets.file_type, datasets.status, datasets.row_count, datasets.column_count, datasets.columns, datasets.column_types, datasets.summary_stats, datasets.created_at, datasets.updated_at 
FROM datasets 
WHERE datasets.id = $1::INTEGER
2026-03-04 16:41:03 - sqlalchemy.engine.Engine - INFO - [generated in 0.00115s] (4,)
2026-03-04 16:41:03 - sqlalchemy.engine.Engine - INFO - SELECT cleaning_profiles.id, cleaning_profiles.name, cleaning_profiles.description, cleaning_profiles.handle_missing, cleaning_profiles.missing_fill_strategy, cleaning_profiles.missing_fill_value, cleaning_profiles.remove_duplicates, cleaning_profiles.duplicate_subset, cleaning_profiles.fix_data_types, cleaning_profiles.detect_outliers, cleaning_profiles.outlier_method, cleaning_profiles.outlier_threshold, cleaning_profiles.outlier_action, cleaning_profiles.strip_whitespace, cleaning_profiles.standardize_text, cleaning_profiles.standardize_dates, cleaning_profiles.date_format, cleaning_profiles.normalize_numeric, cleaning_profiles.normalization_method, cleaning_profiles.is_default, cleaning_profiles.created_at, cleaning_profiles.updated_at 
FROM cleaning_profiles 
WHERE cleaning_profiles.id = $1::INTEGER
2026-03-04 16:41:03 - sqlalchemy.engine.Engine - INFO - [generated in 0.00157s] (1,)
2026-03-04 16:41:03 - app.services.data.parser_service - INFO - Parsed csv file: 1274 rows, 13 columns
2026-03-04 16:41:03 - app.services.data.cleaning_service - INFO - Handled 0 missing values using fill
2026-03-04 16:41:03 - app.services.data.cleaning_service - INFO - Removed 0 duplicate rows
2026-03-04 16:41:03 - app.services.data.cleaning_service - INFO - Fixed 0 column data types
2026-03-04 16:41:03 - app.services.data.cleaning_service - INFO - Detected 28 outliers using iqr method
2026-03-04 16:41:03 - sqlalchemy.engine.Engine - INFO - UPDATE datasets SET row_count=$1::INTEGER, column_count=$2::INTEGER, updated_at=now() WHERE datasets.id = $3::INTEGER
2026-03-04 16:41:03 - sqlalchemy.engine.Engine - INFO - [generated in 0.00088s] (1274, 13, 4)
2026-03-04 16:41:03 - sqlalchemy.engine.Engine - INFO - COMMIT
2026-03-04 16:41:03 - sqlalchemy.engine.Engine - INFO - BEGIN (implicit)
2026-03-04 16:41:03 - sqlalchemy.engine.Engine - INFO - SELECT datasets.id, datasets.filename, datasets.original_filename, datasets.file_path, datasets.file_size, datasets.file_type, datasets.status, datasets.row_count, datasets.column_count, datasets.columns, datasets.column_types, datasets.summary_stats, datasets.created_at, datasets.updated_at 
FROM datasets 
WHERE datasets.id = $1::INTEGER
2026-03-04 16:41:03 - sqlalchemy.engine.Engine - INFO - [cached since 0.2472s ago] (4,)
2026-03-04 16:41:03 - sqlalchemy.engine.Engine - INFO - INSERT INTO cleaning_logs (dataset_id, profile_id, operations_performed, rows_before, rows_after, duplicates_removed, missing_values_handled, outliers_detected, data_types_fixed, cleaning_report) VALUES ($1::INTEGER, $2::INTEGER, $3::JSON, $4::INTEGER, $5::INTEGER, $6::INTEGER, $7::INTEGER, $8::INTEGER, $9::INTEGER, $10::JSON) RETURNING cleaning_logs.id, cleaning_logs.created_at
2026-03-04 16:41:03 - sqlalchemy.engine.Engine - INFO - [generated in 0.00124s] (4, 1, '["missing_values", "duplicates", "data_types", "outliers", "text_cleaning", "date_standardization"]', 1274, 1274, 0, 0, 28, 0, '{"rows_before": 1274, "operations": ["missing_values", "duplicates", "data_types", "outliers", "text_cleaning", "date_standardization"], "changes": { ... (656 characters truncated) ... _column": {"Price": 28}, "total_outliers": 28}, "dates": {"date_columns": [], "format": null, "changes": {}}}, "rows_after": 1274, "rows_removed": 0}')
2026-03-04 16:41:03 - sqlalchemy.engine.Engine - INFO - SELECT cleaning_logs.id, cleaning_logs.dataset_id, cleaning_logs.profile_id, cleaning_logs.operations_performed, cleaning_logs.rows_before, cleaning_logs.rows_after, cleaning_logs.duplicates_removed, cleaning_logs.missing_values_handled, cleaning_logs.outliers_detected, cleaning_logs.data_types_fixed, cleaning_logs.cleaning_report, cleaning_logs.created_at 
FROM cleaning_logs 
WHERE cleaning_logs.id = $1::INTEGER
2026-03-04 16:41:03 - sqlalchemy.engine.Engine - INFO - [generated in 0.00144s] (1,)
2026-03-04 16:41:03 - app.api.v1.routes.cleaning - INFO - Cleaned dataset 4, created log 1
2026-03-04 16:41:03 - sqlalchemy.engine.Engine - INFO - COMMIT
2026-03-04 16:45:21 - sqlalchemy.engine.Engine - INFO - BEGIN (implicit)
2026-03-04 16:45:21 - sqlalchemy.engine.Engine - INFO - SELECT cleaning_logs.id, cleaning_logs.dataset_id, cleaning_logs.profile_id, cleaning_logs.operations_performed, cleaning_logs.rows_before, cleaning_logs.rows_after, cleaning_logs.duplicates_removed, cleaning_logs.missing_values_handled, cleaning_logs.outliers_detected, cleaning_logs.data_types_fixed, cleaning_logs.cleaning_report, cleaning_logs.created_at 
FROM cleaning_logs 
WHERE cleaning_logs.dataset_id = $1::INTEGER ORDER BY cleaning_logs.created_at DESC
2026-03-04 16:45:21 - sqlalchemy.engine.Engine - INFO - [generated in 0.00102s] (4,)
2026-03-04 16:45:21 - sqlalchemy.engine.Engine - INFO - COMMIT
2026-03-04 16:45:45 - sqlalchemy.engine.Engine - INFO - BEGIN (implicit)
2026-03-04 16:45:45 - sqlalchemy.engine.Engine - INFO - SELECT cleaning_logs.id, cleaning_logs.dataset_id, cleaning_logs.profile_id, cleaning_logs.operations_performed, cleaning_logs.rows_before, cleaning_logs.rows_after, cleaning_logs.duplicates_removed, cleaning_logs.missing_values_handled, cleaning_logs.outliers_detected, cleaning_logs.data_types_fixed, cleaning_logs.cleaning_report, cleaning_logs.created_at 
FROM cleaning_logs 
WHERE cleaning_logs.dataset_id = $1::INTEGER ORDER BY cleaning_logs.created_at DESC
2026-03-04 16:45:45 - sqlalchemy.engine.Engine - INFO - [cached since 24.08s ago] (1,)
2026-03-04 16:45:45 - sqlalchemy.engine.Engine - INFO - COMMIT
2026-03-04 16:45:45 - sqlalchemy.engine.Engine - INFO - BEGIN (implicit)
2026-03-04 16:45:45 - sqlalchemy.engine.Engine - INFO - SELECT cleaning_logs.id, cleaning_logs.dataset_id, cleaning_logs.profile_id, cleaning_logs.operations_performed, cleaning_logs.rows_before, cleaning_logs.rows_after, cleaning_logs.duplicates_removed, cleaning_logs.missing_values_handled, cleaning_logs.outliers_detected, cleaning_logs.data_types_fixed, cleaning_logs.cleaning_report, cleaning_logs.created_at 
FROM cleaning_logs 
WHERE cleaning_logs.dataset_id = $1::INTEGER ORDER BY cleaning_logs.created_at DESC
2026-03-04 16:45:45 - sqlalchemy.engine.Engine - INFO - [cached since 24.67s ago] (1,)
2026-03-04 16:45:45 - sqlalchemy.engine.Engine - INFO - COMMIT
2026-03-04 16:45:46 - sqlalchemy.engine.Engine - INFO - BEGIN (implicit)
2026-03-04 16:45:46 - sqlalchemy.engine.Engine - INFO - SELECT cleaning_logs.id, cleaning_logs.dataset_id, cleaning_logs.profile_id, cleaning_logs.operations_performed, cleaning_logs.rows_before, cleaning_logs.rows_after, cleaning_logs.duplicates_removed, cleaning_logs.missing_values_handled, cleaning_logs.outliers_detected, cleaning_logs.data_types_fixed, cleaning_logs.cleaning_report, cleaning_logs.created_at 
FROM cleaning_logs 
WHERE cleaning_logs.dataset_id = $1::INTEGER ORDER BY cleaning_logs.created_at DESC
2026-03-04 16:45:46 - sqlalchemy.engine.Engine - INFO - [cached since 25.28s ago] (1,)
2026-03-04 16:45:46 - sqlalchemy.engine.Engine - INFO - COMMIT
2026-03-04 16:45:59 - sqlalchemy.engine.Engine - INFO - BEGIN (implicit)
2026-03-04 16:45:59 - sqlalchemy.engine.Engine - INFO - SELECT cleaning_logs.id, cleaning_logs.dataset_id, cleaning_logs.profile_id, cleaning_logs.operations_performed, cleaning_logs.rows_before, cleaning_logs.rows_after, cleaning_logs.duplicates_removed, cleaning_logs.missing_values_handled, cleaning_logs.outliers_detected, cleaning_logs.data_types_fixed, cleaning_logs.cleaning_report, cleaning_logs.created_at 
FROM cleaning_logs 
WHERE cleaning_logs.dataset_id = $1::INTEGER ORDER BY cleaning_logs.created_at DESC
2026-03-04 16:45:59 - sqlalchemy.engine.Engine - INFO - [cached since 38.47s ago] (2,)
2026-03-04 16:45:59 - sqlalchemy.engine.Engine - INFO - COMMIT
2026-03-04 16:46:05 - sqlalchemy.engine.Engine - INFO - BEGIN (implicit)
2026-03-04 16:46:05 - sqlalchemy.engine.Engine - INFO - SELECT cleaning_logs.id, cleaning_logs.dataset_id, cleaning_logs.profile_id, cleaning_logs.operations_performed, cleaning_logs.rows_before, cleaning_logs.rows_after, cleaning_logs.duplicates_removed, cleaning_logs.missing_values_handled, cleaning_logs.outliers_detected, cleaning_logs.data_types_fixed, cleaning_logs.cleaning_report, cleaning_logs.created_at 
FROM cleaning_logs 
WHERE cleaning_logs.dataset_id = $1::INTEGER ORDER BY cleaning_logs.created_at DESC
2026-03-04 16:46:05 - sqlalchemy.engine.Engine - INFO - [cached since 43.87s ago] (4,)
2026-03-04 16:46:05 - sqlalchemy.engine.Engine - INFO - COMMIT
2026-03-04 17:03:43 - sqlalchemy.engine.Engine - INFO - BEGIN (implicit)
2026-03-04 17:03:43 - sqlalchemy.engine.Engine - INFO - SELECT cleaning_profiles.id, cleaning_profiles.name, cleaning_profiles.description, cleaning_profiles.handle_missing, cleaning_profiles.missing_fill_strategy, cleaning_profiles.missing_fill_value, cleaning_profiles.remove_duplicates, cleaning_profiles.duplicate_subset, cleaning_profiles.fix_data_types, cleaning_profiles.detect_outliers, cleaning_profiles.outlier_method, cleaning_profiles.outlier_threshold, cleaning_profiles.outlier_action, cleaning_profiles.strip_whitespace, cleaning_profiles.standardize_text, cleaning_profiles.standardize_dates, cleaning_profiles.date_format, cleaning_profiles.normalize_numeric, cleaning_profiles.normalization_method, cleaning_profiles.is_default, cleaning_profiles.created_at, cleaning_profiles.updated_at 
FROM cleaning_profiles
2026-03-04 17:03:43 - sqlalchemy.engine.Engine - INFO - [generated in 0.00116s] ()
2026-03-04 17:03:44 - sqlalchemy.engine.Engine - INFO - COMMIT
2026-03-07 15:59:53 - root - INFO - Starting AI Data Analytics Service v1.0.0
2026-03-07 15:59:53 - root - INFO - Environment: development
2026-03-07 15:59:53 - sqlalchemy.engine.Engine - INFO - select pg_catalog.version()
2026-03-07 15:59:53 - sqlalchemy.engine.Engine - INFO - [raw sql] ()
2026-03-07 15:59:53 - sqlalchemy.engine.Engine - INFO - select current_schema()
2026-03-07 15:59:53 - sqlalchemy.engine.Engine - INFO - [raw sql] ()
2026-03-07 15:59:53 - sqlalchemy.engine.Engine - INFO - show standard_conforming_strings
2026-03-07 15:59:53 - sqlalchemy.engine.Engine - INFO - [raw sql] ()
2026-03-07 15:59:53 - sqlalchemy.engine.Engine - INFO - BEGIN (implicit)
2026-03-07 15:59:53 - sqlalchemy.engine.Engine - INFO - SELECT pg_catalog.pg_class.relname 
FROM pg_catalog.pg_class JOIN pg_catalog.pg_namespace ON pg_catalog.pg_namespace.oid = pg_catalog.pg_class.relnamespace 
WHERE pg_catalog.pg_class.relname = $1::VARCHAR AND pg_catalog.pg_class.relkind = ANY (ARRAY[$2::VARCHAR, $3::VARCHAR, $4::VARCHAR, $5::VARCHAR, $6::VARCHAR]) AND pg_catalog.pg_table_is_visible(pg_catalog.pg_class.oid) AND pg_catalog.pg_namespace.nspname != $7::VARCHAR
2026-03-07 15:59:53 - sqlalchemy.engine.Engine - INFO - [generated in 0.00157s] ('datasets', 'r', 'p', 'f', 'v', 'm', 'pg_catalog')
2026-03-07 15:59:54 - sqlalchemy.engine.Engine - INFO - SELECT pg_catalog.pg_class.relname 
FROM pg_catalog.pg_class JOIN pg_catalog.pg_namespace ON pg_catalog.pg_namespace.oid = pg_catalog.pg_class.relnamespace 
WHERE pg_catalog.pg_class.relname = $1::VARCHAR AND pg_catalog.pg_class.relkind = ANY (ARRAY[$2::VARCHAR, $3::VARCHAR, $4::VARCHAR, $5::VARCHAR, $6::VARCHAR]) AND pg_catalog.pg_table_is_visible(pg_catalog.pg_class.oid) AND pg_catalog.pg_namespace.nspname != $7::VARCHAR
2026-03-07 15:59:54 - sqlalchemy.engine.Engine - INFO - [cached since 0.06096s ago] ('column_analysis', 'r', 'p', 'f', 'v', 'm', 'pg_catalog')
2026-03-07 15:59:54 - sqlalchemy.engine.Engine - INFO - SELECT pg_catalog.pg_class.relname 
FROM pg_catalog.pg_class JOIN pg_catalog.pg_namespace ON pg_catalog.pg_namespace.oid = pg_catalog.pg_class.relnamespace 
WHERE pg_catalog.pg_class.relname = $1::VARCHAR AND pg_catalog.pg_class.relkind = ANY (ARRAY[$2::VARCHAR, $3::VARCHAR, $4::VARCHAR, $5::VARCHAR, $6::VARCHAR]) AND pg_catalog.pg_table_is_visible(pg_catalog.pg_class.oid) AND pg_catalog.pg_namespace.nspname != $7::VARCHAR
2026-03-07 15:59:54 - sqlalchemy.engine.Engine - INFO - [cached since 0.06402s ago] ('cleaning_profiles', 'r', 'p', 'f', 'v', 'm', 'pg_catalog')
2026-03-07 15:59:54 - sqlalchemy.engine.Engine - INFO - SELECT pg_catalog.pg_class.relname 
FROM pg_catalog.pg_class JOIN pg_catalog.pg_namespace ON pg_catalog.pg_namespace.oid = pg_catalog.pg_class.relnamespace 
WHERE pg_catalog.pg_class.relname = $1::VARCHAR AND pg_catalog.pg_class.relkind = ANY (ARRAY[$2::VARCHAR, $3::VARCHAR, $4::VARCHAR, $5::VARCHAR, $6::VARCHAR]) AND pg_catalog.pg_table_is_visible(pg_catalog.pg_class.oid) AND pg_catalog.pg_namespace.nspname != $7::VARCHAR
2026-03-07 15:59:54 - sqlalchemy.engine.Engine - INFO - [cached since 0.06732s ago] ('cleaning_logs', 'r', 'p', 'f', 'v', 'm', 'pg_catalog')
2026-03-07 15:59:54 - sqlalchemy.engine.Engine - INFO - SELECT pg_catalog.pg_type.typname 
FROM pg_catalog.pg_type JOIN pg_catalog.pg_namespace ON pg_catalog.pg_namespace.oid = pg_catalog.pg_type.typnamespace 
WHERE pg_catalog.pg_type.typname = $1::VARCHAR AND pg_catalog.pg_type_is_visible(pg_catalog.pg_type.oid) AND pg_catalog.pg_namespace.nspname != $2::VARCHAR
2026-03-07 15:59:54 - sqlalchemy.engine.Engine - INFO - [generated in 0.00091s] ('datasetstatus', 'pg_catalog')
2026-03-07 15:59:54 - sqlalchemy.engine.Engine - INFO - COMMIT
2026-03-07 15:59:54 - app.core.database - INFO - Database initialized
2026-03-07 15:59:54 - app.core.cache - INFO - Redis connected
2026-03-07 16:01:34 - sqlalchemy.engine.Engine - INFO - BEGIN (implicit)
2026-03-07 16:01:34 - sqlalchemy.engine.Engine - INFO - SELECT datasets.id, datasets.filename, datasets.original_filename, datasets.file_path, datasets.file_size, datasets.file_type, datasets.status, datasets.row_count, datasets.column_count, datasets.columns, datasets.column_types, datasets.summary_stats, datasets.created_at, datasets.updated_at 
FROM datasets 
WHERE datasets.id = $1::INTEGER
2026-03-07 16:01:34 - sqlalchemy.engine.Engine - INFO - [generated in 0.00101s] (1,)
2026-03-07 16:01:34 - sqlalchemy.engine.Engine - INFO - SELECT column_analysis.id, column_analysis.dataset_id, column_analysis.metrics, column_analysis.dimensions, column_analysis.identifiers, column_analysis.temporal, column_analysis.geographic, column_analysis.other, column_analysis.relationships, column_analysis.dashboard_columns, column_analysis.primary_metric, column_analysis.analysis_method, column_analysis.confidence_score, column_analysis.total_relationships, column_analysis.created_at, column_analysis.updated_at 
FROM column_analysis 
WHERE column_analysis.dataset_id = $1::INTEGER ORDER BY column_analysis.created_at DESC
2026-03-07 16:01:34 - sqlalchemy.engine.Engine - INFO - [generated in 0.00121s] (1,)
2026-03-07 16:01:34 - app.api.v1.routes.analysis - INFO - Loading dataset 1 for analysis...
2026-03-07 16:01:34 - app.services.data.parser_service - INFO - Parsed csv file: 2513 rows, 15 columns
2026-03-07 16:01:34 - app.services.analysis.column_analyzer - INFO - Analyzing 15 columns from 2513 rows...
2026-03-07 16:01:34 - app.services.analysis.column_analyzer - INFO - Detecting relationships with CustomPPS...
2026-03-07 16:01:40 - app.services.analysis.column_analyzer - INFO - Found 5 PPS relationships
2026-03-07 16:01:40 - app.services.analysis.column_analyzer - INFO - Found 28 correlations
2026-03-07 16:01:40 - app.services.analysis.column_analyzer - INFO - Analysis complete: 28 relationships found
2026-03-07 16:01:40 - sqlalchemy.engine.Engine - INFO - INSERT INTO column_analysis (dataset_id, metrics, dimensions, identifiers, temporal, geographic, other, relationships, dashboard_columns, primary_metric, analysis_method, confidence_score, total_relationships, updated_at) VALUES ($1::INTEGER, $2::JSON, $3::JSON, $4::JSON, $5::JSON, $6::JSON, $7::JSON, $8::JSON, $9::JSON, $10::VARCHAR, $11::VARCHAR, $12::FLOAT, $13::INTEGER, $14::TIMESTAMP WITH TIME ZONE) RETURNING column_analysis.id, column_analysis.created_at
2026-03-07 16:01:40 - sqlalchemy.engine.Engine - INFO - [generated in 0.00149s] (1, '[]', '[]', '[]', '["Date", "Silver_Price", "Gold_Price", "Platinum_Price", "Silver_Returns", "Gold_Returns", "Platinum_Returns", "Gold_Silver_Ratio", "Silver_Volatility_30d", "Gold_Volatility_30d", "Platinum_Volatility_30d", "Silver_MA50", "Silver_MA200", "Gold_MA50", "Gold_MA200"]', '[]', '[]', '[{"columns": ["Gold_Price", "Gold_MA50"], "type": "correlation", "strength": 0.994, "direction": "positive", "method": "pearson", "chart_suggestion": ... (4649 characters truncated) ... old_Returns \\u2192 Platinum_Returns", "method": "custom_pps", "insight": "Gold_Returns can predict Platinum_Returns", "case": "numeric_to_numeric"}]', '["Date"]', None, 'custom_pps', np.float64(0.98), 28, None)
2026-03-07 16:01:40 - sqlalchemy.engine.Engine - INFO - SELECT column_analysis.id, column_analysis.dataset_id, column_analysis.metrics, column_analysis.dimensions, column_analysis.identifiers, column_analysis.temporal, column_analysis.geographic, column_analysis.other, column_analysis.relationships, column_analysis.dashboard_columns, column_analysis.primary_metric, column_analysis.analysis_method, column_analysis.confidence_score, column_analysis.total_relationships, column_analysis.created_at, column_analysis.updated_at 
FROM column_analysis 
WHERE column_analysis.id = $1::INTEGER
2026-03-07 16:01:40 - sqlalchemy.engine.Engine - INFO - [generated in 0.00111s] (1,)
2026-03-07 16:01:40 - app.repositories.analysis_repository - INFO - Created analysis 1 for dataset 1
2026-03-07 16:01:40 - sqlalchemy.engine.Engine - INFO - COMMIT
2026-03-07 16:01:40 - app.api.v1.routes.analysis - INFO - Analysis saved for dataset 1: 28 relationships
2026-03-07 16:03:53 - sqlalchemy.engine.Engine - INFO - BEGIN (implicit)
2026-03-07 16:03:53 - sqlalchemy.engine.Engine - INFO - SELECT column_analysis.id, column_analysis.dataset_id, column_analysis.metrics, column_analysis.dimensions, column_analysis.identifiers, column_analysis.temporal, column_analysis.geographic, column_analysis.other, column_analysis.relationships, column_analysis.dashboard_columns, column_analysis.primary_metric, column_analysis.analysis_method, column_analysis.confidence_score, column_analysis.total_relationships, column_analysis.created_at, column_analysis.updated_at 
FROM column_analysis 
WHERE column_analysis.dataset_id = $1::INTEGER ORDER BY column_analysis.created_at DESC
2026-03-07 16:03:53 - sqlalchemy.engine.Engine - INFO - [cached since 138.9s ago] (1,)
2026-03-07 16:03:53 - sqlalchemy.engine.Engine - INFO - COMMIT
2026-03-07 16:04:36 - sqlalchemy.engine.Engine - INFO - BEGIN (implicit)
2026-03-07 16:04:36 - sqlalchemy.engine.Engine - INFO - SELECT column_analysis.id, column_analysis.dataset_id, column_analysis.metrics, column_analysis.dimensions, column_analysis.identifiers, column_analysis.temporal, column_analysis.geographic, column_analysis.other, column_analysis.relationships, column_analysis.dashboard_columns, column_analysis.primary_metric, column_analysis.analysis_method, column_analysis.confidence_score, column_analysis.total_relationships, column_analysis.created_at, column_analysis.updated_at 
FROM column_analysis 
WHERE column_analysis.dataset_id = $1::INTEGER ORDER BY column_analysis.created_at DESC
2026-03-07 16:04:36 - sqlalchemy.engine.Engine - INFO - [cached since 182s ago] (1,)
2026-03-07 16:04:36 - sqlalchemy.engine.Engine - INFO - COMMIT
2026-03-07 16:10:08 - sqlalchemy.engine.Engine - INFO - BEGIN (implicit)
2026-03-07 16:10:08 - sqlalchemy.engine.Engine - INFO - SELECT datasets.id, datasets.filename, datasets.original_filename, datasets.file_path, datasets.file_size, datasets.file_type, datasets.status, datasets.row_count, datasets.column_count, datasets.columns, datasets.column_types, datasets.summary_stats, datasets.created_at, datasets.updated_at 
FROM datasets 
WHERE datasets.id = $1::INTEGER
2026-03-07 16:10:08 - sqlalchemy.engine.Engine - INFO - [cached since 513.9s ago] (1,)
2026-03-07 16:10:08 - sqlalchemy.engine.Engine - INFO - SELECT column_analysis.id, column_analysis.dataset_id, column_analysis.metrics, column_analysis.dimensions, column_analysis.identifiers, column_analysis.temporal, column_analysis.geographic, column_analysis.other, column_analysis.relationships, column_analysis.dashboard_columns, column_analysis.primary_metric, column_analysis.analysis_method, column_analysis.confidence_score, column_analysis.total_relationships, column_analysis.created_at, column_analysis.updated_at 
FROM column_analysis 
WHERE column_analysis.dataset_id = $1::INTEGER ORDER BY column_analysis.created_at DESC
2026-03-07 16:10:08 - sqlalchemy.engine.Engine - INFO - [cached since 513.8s ago] (1,)
2026-03-07 16:10:08 - app.api.v1.routes.analysis - INFO - Returning existing analysis for dataset 1
2026-03-07 16:10:08 - sqlalchemy.engine.Engine - INFO - COMMIT
2026-03-07 16:12:51 - app.services.data.ingestion_service - INFO - File saved: 9aae54dc-3340-4dd2-a983-2c0e8517291d.csv (61194 bytes)
2026-03-07 16:12:51 - sqlalchemy.engine.Engine - INFO - BEGIN (implicit)
2026-03-07 16:12:51 - sqlalchemy.engine.Engine - INFO - INSERT INTO datasets (filename, original_filename, file_path, file_size, file_type, status, row_count, column_count, updated_at) VALUES ($1::VARCHAR, $2::VARCHAR, $3::VARCHAR, $4::BIGINT, $5::VARCHAR, $6::datasetstatus, $7::INTEGER, $8::INTEGER, $9::TIMESTAMP WITH TIME ZONE) RETURNING datasets.id, datasets.created_at
2026-03-07 16:12:51 - sqlalchemy.engine.Engine - INFO - [generated in 0.00157s] ('9aae54dc-3340-4dd2-a983-2c0e8517291d.csv', 'Titanic-Dataset.csv', 'uploads\\9aae54dc-3340-4dd2-a983-2c0e8517291d.csv', 61194, 'csv', 'UPLOADED', None, None, None)
2026-03-07 16:12:51 - sqlalchemy.engine.Engine - INFO - SELECT datasets.id, datasets.filename, datasets.original_filename, datasets.file_path, datasets.file_size, datasets.file_type, datasets.status, datasets.row_count, datasets.column_count, datasets.columns, datasets.column_types, datasets.summary_stats, datasets.created_at, datasets.updated_at 
FROM datasets 
WHERE datasets.id = $1::INTEGER
2026-03-07 16:12:51 - sqlalchemy.engine.Engine - INFO - [generated in 0.00097s] (5,)
2026-03-07 16:12:51 - app.repositories.dataset_repository - INFO - Created dataset: 5
2026-03-07 16:12:51 - app.api.v1.routes.upload - INFO - File uploaded: Titanic-Dataset.csv -> Dataset ID: 5
2026-03-07 16:12:51 - sqlalchemy.engine.Engine - INFO - BEGIN (implicit)
2026-03-07 16:12:51 - sqlalchemy.engine.Engine - INFO - UPDATE datasets SET status=$1::datasetstatus, updated_at=now() WHERE datasets.id = $2::INTEGER
2026-03-07 16:12:51 - sqlalchemy.engine.Engine - INFO - [generated in 0.00073s] ('PROCESSING', 5)
2026-03-07 16:12:51 - sqlalchemy.engine.Engine - INFO - COMMIT
2026-03-07 16:12:51 - sqlalchemy.engine.Engine - INFO - BEGIN (implicit)
2026-03-07 16:12:51 - sqlalchemy.engine.Engine - INFO - SELECT datasets.id, datasets.filename, datasets.original_filename, datasets.file_path, datasets.file_size, datasets.file_type, datasets.status, datasets.row_count, datasets.column_count, datasets.columns, datasets.column_types, datasets.summary_stats, datasets.created_at, datasets.updated_at 
FROM datasets 
WHERE datasets.id = $1::INTEGER
2026-03-07 16:12:51 - sqlalchemy.engine.Engine - INFO - [cached since 677.1s ago] (5,)
2026-03-07 16:12:51 - app.services.data.parser_service - INFO - Parsed csv file: 891 rows, 12 columns
2026-03-07 16:12:51 - sqlalchemy.engine.Engine - INFO - UPDATE datasets SET status=$1::datasetstatus, row_count=$2::INTEGER, column_count=$3::INTEGER, columns=$4::JSON, column_types=$5::JSON, summary_stats=$6::JSON, updated_at=now() WHERE datasets.id = $7::INTEGER
2026-03-07 16:12:51 - sqlalchemy.engine.Engine - INFO - [generated in 0.00123s] ('PROCESSED', 891, 12, '["PassengerId", "Survived", "Pclass", "Name", "Sex", "Age", "SibSp", "Parch", "Ticket", "Fare", "Cabin", "Embarked"]', '{"PassengerId": "int64", "Survived": "int64", "Pclass": "int64", "Name": "object", "Sex": "object", "Age": "float64", "SibSp": "int64", "Parch": "int64", "Ticket": "object", "Fare": "float64", "Cabin": "object", "Embarked": "object"}', '{"PassengerId": {"count": 891.0, "mean": 446.0, "std": 257.3538420152301, "min": 1.0, "25%": 223.5, "50%": 446.0, "75%": 668.5, "max": 891.0}, "Survi ... (713 characters truncated) ... are": {"count": 891.0, "mean": 32.204207968574636, "std": 49.6934285971809, "min": 0.0, "25%": 7.9104, "50%": 14.4542, "75%": 31.0, "max": 512.3292}}', 5)
2026-03-07 16:12:51 - sqlalchemy.engine.Engine - INFO - COMMIT
2026-03-07 16:12:51 - sqlalchemy.engine.Engine - INFO - BEGIN (implicit)
2026-03-07 16:12:51 - sqlalchemy.engine.Engine - INFO - SELECT datasets.id, datasets.filename, datasets.original_filename, datasets.file_path, datasets.file_size, datasets.file_type, datasets.status, datasets.row_count, datasets.column_count, datasets.columns, datasets.column_types, datasets.summary_stats, datasets.created_at, datasets.updated_at 
FROM datasets 
WHERE datasets.id = $1::INTEGER
2026-03-07 16:12:51 - sqlalchemy.engine.Engine - INFO - [cached since 677.2s ago] (5,)
2026-03-07 16:12:51 - sqlalchemy.engine.Engine - INFO - COMMIT
2026-03-07 16:12:51 - app.api.v1.routes.upload - INFO - Dataset 5 processed successfully
2026-03-07 16:12:51 - app.api.v1.routes.upload - INFO - Starting auto-analysis for dataset 5...
2026-03-07 16:12:51 - app.services.analysis.column_analyzer - INFO - Analyzing 12 columns from 891 rows...
2026-03-07 16:12:51 - app.services.analysis.column_analyzer - INFO - Detecting relationships with CustomPPS...
2026-03-07 16:12:54 - app.services.analysis.column_analyzer - INFO - Found 6 PPS relationships
2026-03-07 16:12:54 - app.services.analysis.column_analyzer - INFO - Found 1 correlations
2026-03-07 16:12:54 - app.services.analysis.column_analyzer - INFO - Analysis complete: 5 relationships found
2026-03-07 16:12:54 - sqlalchemy.engine.Engine - INFO - BEGIN (implicit)
2026-03-07 16:12:54 - sqlalchemy.engine.Engine - INFO - INSERT INTO column_analysis (dataset_id, metrics, dimensions, identifiers, temporal, geographic, other, relationships, dashboard_columns, primary_metric, analysis_method, confidence_score, total_relationships, updated_at) VALUES ($1::INTEGER, $2::JSON, $3::JSON, $4::JSON, $5::JSON, $6::JSON, $7::JSON, $8::JSON, $9::JSON, $10::VARCHAR, $11::VARCHAR, $12::FLOAT, $13::INTEGER, $14::TIMESTAMP WITH TIME ZONE) RETURNING column_analysis.id, column_analysis.created_at
2026-03-07 16:12:54 - sqlalchemy.engine.Engine - INFO - [generated in 0.00183s] (5, '[]', '["Sex", "Embarked"]', '["PassengerId"]', '["Survived", "Pclass", "Age", "SibSp", "Parch", "Fare"]', '[]', '["Name", "Ticket", "Cabin"]', '[{"columns": ["Ticket", "Pclass"], "type": "predictive", "strength": 0.691, "direction": "Ticket \\u2192 Pclass", "method": "custom_pps", "insight":  ... (741 characters truncated) ... , "strength": 0.352, "direction": "Pclass \\u2192 Fare", "method": "custom_pps", "insight": "Pclass can predict Fare", "case": "numeric_to_numeric"}]', '["Sex", "Embarked", "Survived"]', None, 'custom_pps', np.float64(0.58), 5, None)
2026-03-07 16:12:54 - app.services.data.ingestion_service - INFO - File saved: 0151ec44-3b2c-44b3-bf18-89969cd5ef59.csv (61194 bytes)
2026-03-07 16:12:54 - sqlalchemy.engine.Engine - INFO - BEGIN (implicit)
2026-03-07 16:12:54 - sqlalchemy.engine.Engine - INFO - INSERT INTO datasets (filename, original_filename, file_path, file_size, file_type, status, row_count, column_count, updated_at) VALUES ($1::VARCHAR, $2::VARCHAR, $3::VARCHAR, $4::BIGINT, $5::VARCHAR, $6::datasetstatus, $7::INTEGER, $8::INTEGER, $9::TIMESTAMP WITH TIME ZONE) RETURNING datasets.id, datasets.created_at
2026-03-07 16:12:54 - sqlalchemy.engine.Engine - INFO - [cached since 3.619s ago] ('0151ec44-3b2c-44b3-bf18-89969cd5ef59.csv', 'Titanic-Dataset.csv', 'uploads\\0151ec44-3b2c-44b3-bf18-89969cd5ef59.csv', 61194, 'csv', 'UPLOADED', None, None, None)
2026-03-07 16:12:54 - sqlalchemy.engine.Engine - INFO - SELECT datasets.id, datasets.filename, datasets.original_filename, datasets.file_path, datasets.file_size, datasets.file_type, datasets.status, datasets.row_count, datasets.column_count, datasets.columns, datasets.column_types, datasets.summary_stats, datasets.created_at, datasets.updated_at 
FROM datasets 
WHERE datasets.id = $1::INTEGER
2026-03-07 16:12:54 - sqlalchemy.engine.Engine - INFO - [cached since 3.58s ago] (6,)
2026-03-07 16:12:54 - app.repositories.dataset_repository - INFO - Created dataset: 6
2026-03-07 16:12:54 - app.api.v1.routes.upload - INFO - File uploaded: Titanic-Dataset.csv -> Dataset ID: 6
2026-03-07 16:12:55 - sqlalchemy.engine.Engine - INFO - ROLLBACK
2026-03-07 16:12:55 - app.api.v1.routes.upload - ERROR - Auto-analysis failed for dataset 5: (sqlalchemy.dialects.postgresql.asyncpg.IntegrityError) <class 'asyncpg.exceptions.ForeignKeyViolationError'>: une instruction insert ou update sur la table « column_analysis » viole la contrainte de clé
étrangère « column_analysis_dataset_id_fkey »
DETAIL:  La clé (dataset_id)=(5) n'est pas présente dans la table « datasets ».
[SQL: INSERT INTO column_analysis (dataset_id, metrics, dimensions, identifiers, temporal, geographic, other, relationships, dashboard_columns, primary_metric, analysis_method, confidence_score, total_relationships, updated_at) VALUES ($1::INTEGER, $2::JSON, $3::JSON, $4::JSON, $5::JSON, $6::JSON, $7::JSON, $8::JSON, $9::JSON, $10::VARCHAR, $11::VARCHAR, $12::FLOAT, $13::INTEGER, $14::TIMESTAMP WITH TIME ZONE) RETURNING column_analysis.id, column_analysis.created_at]
[parameters: (5, '[]', '["Sex", "Embarked"]', '["PassengerId"]', '["Survived", "Pclass", "Age", "SibSp", "Parch", "Fare"]', '[]', '["Name", "Ticket", "Cabin"]', '[{"columns": ["Ticket", "Pclass"], "type": "predictive", "strength": 0.691, "direction": "Ticket \\u2192 Pclass", "method": "custom_pps", "insight":  ... (741 characters truncated) ... , "strength": 0.352, "direction": "Pclass \\u2192 Fare", "method": "custom_pps", "insight": "Pclass can predict Fare", "case": "numeric_to_numeric"}]', '["Sex", "Embarked", "Survived"]', None, 'custom_pps', np.float64(0.58), 5, None)]
(Background on this error at: https://sqlalche.me/e/20/gkpj)
2026-03-07 16:12:55 - sqlalchemy.engine.Engine - INFO - COMMIT
2026-03-07 16:12:55 - sqlalchemy.engine.Engine - INFO - BEGIN (implicit)
2026-03-07 16:12:55 - sqlalchemy.engine.Engine - INFO - UPDATE datasets SET status=$1::datasetstatus, updated_at=now() WHERE datasets.id = $2::INTEGER
2026-03-07 16:12:55 - sqlalchemy.engine.Engine - INFO - [cached since 3.446s ago] ('PROCESSING', 6)
2026-03-07 16:12:55 - sqlalchemy.engine.Engine - INFO - COMMIT
2026-03-07 16:12:55 - sqlalchemy.engine.Engine - INFO - BEGIN (implicit)
2026-03-07 16:12:55 - sqlalchemy.engine.Engine - INFO - SELECT datasets.id, datasets.filename, datasets.original_filename, datasets.file_path, datasets.file_size, datasets.file_type, datasets.status, datasets.row_count, datasets.column_count, datasets.columns, datasets.column_types, datasets.summary_stats, datasets.created_at, datasets.updated_at 
FROM datasets 
WHERE datasets.id = $1::INTEGER
2026-03-07 16:12:55 - sqlalchemy.engine.Engine - INFO - [cached since 680.5s ago] (6,)
2026-03-07 16:12:55 - app.services.data.parser_service - INFO - Parsed csv file: 891 rows, 12 columns
2026-03-07 16:12:55 - sqlalchemy.engine.Engine - INFO - UPDATE datasets SET status=$1::datasetstatus, row_count=$2::INTEGER, column_count=$3::INTEGER, columns=$4::JSON, column_types=$5::JSON, summary_stats=$6::JSON, updated_at=now() WHERE datasets.id = $7::INTEGER
2026-03-07 16:12:55 - sqlalchemy.engine.Engine - INFO - [cached since 3.36s ago] ('PROCESSED', 891, 12, '["PassengerId", "Survived", "Pclass", "Name", "Sex", "Age", "SibSp", "Parch", "Ticket", "Fare", "Cabin", "Embarked"]', '{"PassengerId": "int64", "Survived": "int64", "Pclass": "int64", "Name": "object", "Sex": "object", "Age": "float64", "SibSp": "int64", "Parch": "int64", "Ticket": "object", "Fare": "float64", "Cabin": "object", "Embarked": "object"}', '{"PassengerId": {"count": 891.0, "mean": 446.0, "std": 257.3538420152301, "min": 1.0, "25%": 223.5, "50%": 446.0, "75%": 668.5, "max": 891.0}, "Survi ... (713 characters truncated) ... are": {"count": 891.0, "mean": 32.204207968574636, "std": 49.6934285971809, "min": 0.0, "25%": 7.9104, "50%": 14.4542, "75%": 31.0, "max": 512.3292}}', 6)
2026-03-07 16:12:55 - sqlalchemy.engine.Engine - INFO - COMMIT
2026-03-07 16:12:55 - sqlalchemy.engine.Engine - INFO - BEGIN (implicit)
2026-03-07 16:12:55 - sqlalchemy.engine.Engine - INFO - SELECT datasets.id, datasets.filename, datasets.original_filename, datasets.file_path, datasets.file_size, datasets.file_type, datasets.status, datasets.row_count, datasets.column_count, datasets.columns, datasets.column_types, datasets.summary_stats, datasets.created_at, datasets.updated_at 
FROM datasets 
WHERE datasets.id = $1::INTEGER
2026-03-07 16:12:55 - sqlalchemy.engine.Engine - INFO - [cached since 680.5s ago] (6,)
2026-03-07 16:12:55 - sqlalchemy.engine.Engine - INFO - COMMIT
2026-03-07 16:12:55 - app.api.v1.routes.upload - INFO - Dataset 6 processed successfully
2026-03-07 16:12:55 - app.api.v1.routes.upload - INFO - Starting auto-analysis for dataset 6...
2026-03-07 16:12:55 - app.services.analysis.column_analyzer - INFO - Analyzing 12 columns from 891 rows...
2026-03-07 16:12:55 - app.services.analysis.column_analyzer - INFO - Detecting relationships with CustomPPS...
2026-03-07 16:12:57 - app.services.analysis.column_analyzer - INFO - Found 6 PPS relationships
2026-03-07 16:12:57 - app.services.analysis.column_analyzer - INFO - Found 1 correlations
2026-03-07 16:12:57 - app.services.analysis.column_analyzer - INFO - Analysis complete: 5 relationships found
2026-03-07 16:12:57 - sqlalchemy.engine.Engine - INFO - BEGIN (implicit)
2026-03-07 16:12:57 - sqlalchemy.engine.Engine - INFO - INSERT INTO column_analysis (dataset_id, metrics, dimensions, identifiers, temporal, geographic, other, relationships, dashboard_columns, primary_metric, analysis_method, confidence_score, total_relationships, updated_at) VALUES ($1::INTEGER, $2::JSON, $3::JSON, $4::JSON, $5::JSON, $6::JSON, $7::JSON, $8::JSON, $9::JSON, $10::VARCHAR, $11::VARCHAR, $12::FLOAT, $13::INTEGER, $14::TIMESTAMP WITH TIME ZONE) RETURNING column_analysis.id, column_analysis.created_at
2026-03-07 16:12:57 - sqlalchemy.engine.Engine - INFO - [cached since 3.136s ago] (6, '[]', '["Sex", "Embarked"]', '["PassengerId"]', '["Survived", "Pclass", "Age", "SibSp", "Parch", "Fare"]', '[]', '["Name", "Ticket", "Cabin"]', '[{"columns": ["Ticket", "Pclass"], "type": "predictive", "strength": 0.691, "direction": "Ticket \\u2192 Pclass", "method": "custom_pps", "insight":  ... (741 characters truncated) ... , "strength": 0.352, "direction": "Pclass \\u2192 Fare", "method": "custom_pps", "insight": "Pclass can predict Fare", "case": "numeric_to_numeric"}]', '["Sex", "Embarked", "Survived"]', None, 'custom_pps', np.float64(0.58), 5, None)
2026-03-07 16:12:57 - sqlalchemy.engine.Engine - INFO - ROLLBACK
2026-03-07 16:12:57 - app.api.v1.routes.upload - ERROR - Auto-analysis failed for dataset 6: (sqlalchemy.dialects.postgresql.asyncpg.IntegrityError) <class 'asyncpg.exceptions.ForeignKeyViolationError'>: une instruction insert ou update sur la table « column_analysis » viole la contrainte de clé
étrangère « column_analysis_dataset_id_fkey »
DETAIL:  La clé (dataset_id)=(6) n'est pas présente dans la table « datasets ».
[SQL: INSERT INTO column_analysis (dataset_id, metrics, dimensions, identifiers, temporal, geographic, other, relationships, dashboard_columns, primary_metric, analysis_method, confidence_score, total_relationships, updated_at) VALUES ($1::INTEGER, $2::JSON, $3::JSON, $4::JSON, $5::JSON, $6::JSON, $7::JSON, $8::JSON, $9::JSON, $10::VARCHAR, $11::VARCHAR, $12::FLOAT, $13::INTEGER, $14::TIMESTAMP WITH TIME ZONE) RETURNING column_analysis.id, column_analysis.created_at]
[parameters: (6, '[]', '["Sex", "Embarked"]', '["PassengerId"]', '["Survived", "Pclass", "Age", "SibSp", "Parch", "Fare"]', '[]', '["Name", "Ticket", "Cabin"]', '[{"columns": ["Ticket", "Pclass"], "type": "predictive", "strength": 0.691, "direction": "Ticket \\u2192 Pclass", "method": "custom_pps", "insight":  ... (741 characters truncated) ... , "strength": 0.352, "direction": "Pclass \\u2192 Fare", "method": "custom_pps", "insight": "Pclass can predict Fare", "case": "numeric_to_numeric"}]', '["Sex", "Embarked", "Survived"]', None, 'custom_pps', np.float64(0.58), 5, None)]
(Background on this error at: https://sqlalche.me/e/20/gkpj)
2026-03-07 16:12:57 - sqlalchemy.engine.Engine - INFO - COMMIT
2026-03-07 16:13:45 - sqlalchemy.engine.Engine - INFO - BEGIN (implicit)
2026-03-07 16:13:45 - sqlalchemy.engine.Engine - INFO - SELECT datasets.id, datasets.filename, datasets.original_filename, datasets.file_path, datasets.file_size, datasets.file_type, datasets.status, datasets.row_count, datasets.column_count, datasets.columns, datasets.column_types, datasets.summary_stats, datasets.created_at, datasets.updated_at 
FROM datasets 
WHERE datasets.id = $1::INTEGER
2026-03-07 16:13:45 - sqlalchemy.engine.Engine - INFO - [cached since 731.3s ago] (6,)
2026-03-07 16:13:45 - sqlalchemy.engine.Engine - INFO - SELECT column_analysis.id, column_analysis.dataset_id, column_analysis.metrics, column_analysis.dimensions, column_analysis.identifiers, column_analysis.temporal, column_analysis.geographic, column_analysis.other, column_analysis.relationships, column_analysis.dashboard_columns, column_analysis.primary_metric, column_analysis.analysis_method, column_analysis.confidence_score, column_analysis.total_relationships, column_analysis.created_at, column_analysis.updated_at 
FROM column_analysis 
WHERE column_analysis.dataset_id = $1::INTEGER ORDER BY column_analysis.created_at DESC
2026-03-07 16:13:45 - sqlalchemy.engine.Engine - INFO - [cached since 731.2s ago] (6,)
2026-03-07 16:13:45 - app.api.v1.routes.analysis - INFO - Loading dataset 6 for analysis...
2026-03-07 16:13:45 - app.services.data.parser_service - INFO - Parsed csv file: 891 rows, 12 columns
2026-03-07 16:13:45 - app.services.analysis.column_analyzer - INFO - Analyzing 12 columns from 891 rows...
2026-03-07 16:13:45 - app.services.analysis.column_analyzer - INFO - Detecting relationships with CustomPPS...
2026-03-07 16:13:48 - app.services.analysis.column_analyzer - INFO - Found 6 PPS relationships
2026-03-07 16:13:48 - app.services.analysis.column_analyzer - INFO - Found 1 correlations
2026-03-07 16:13:48 - app.services.analysis.column_analyzer - INFO - Analysis complete: 5 relationships found
2026-03-07 16:13:48 - sqlalchemy.engine.Engine - INFO - INSERT INTO column_analysis (dataset_id, metrics, dimensions, identifiers, temporal, geographic, other, relationships, dashboard_columns, primary_metric, analysis_method, confidence_score, total_relationships, updated_at) VALUES ($1::INTEGER, $2::JSON, $3::JSON, $4::JSON, $5::JSON, $6::JSON, $7::JSON, $8::JSON, $9::JSON, $10::VARCHAR, $11::VARCHAR, $12::FLOAT, $13::INTEGER, $14::TIMESTAMP WITH TIME ZONE) RETURNING column_analysis.id, column_analysis.created_at
2026-03-07 16:13:48 - sqlalchemy.engine.Engine - INFO - [cached since 728.5s ago] (6, '[]', '["Sex", "Embarked"]', '["PassengerId"]', '["Survived", "Pclass", "Age", "SibSp", "Parch", "Fare"]', '[]', '["Name", "Ticket", "Cabin"]', '[{"columns": ["Ticket", "Pclass"], "type": "predictive", "strength": 0.691, "direction": "Ticket \\u2192 Pclass", "method": "custom_pps", "insight":  ... (1116 characters truncated) ... ierarchy", "strength": 1.0, "direction": "Name \\u2192 Ticket", "insight": "Each Name belongs to exactly one Ticket", "chart_suggestion": "treemap"}]', '["Sex", "Embarked", "Survived"]', None, 'custom_pps', np.float64(0.58), 7, None)
2026-03-07 16:13:48 - sqlalchemy.engine.Engine - INFO - SELECT column_analysis.id, column_analysis.dataset_id, column_analysis.metrics, column_analysis.dimensions, column_analysis.identifiers, column_analysis.temporal, column_analysis.geographic, column_analysis.other, column_analysis.relationships, column_analysis.dashboard_columns, column_analysis.primary_metric, column_analysis.analysis_method, column_analysis.confidence_score, column_analysis.total_relationships, column_analysis.created_at, column_analysis.updated_at 
FROM column_analysis 
WHERE column_analysis.id = $1::INTEGER
2026-03-07 16:13:48 - sqlalchemy.engine.Engine - INFO - [cached since 728.5s ago] (4,)
2026-03-07 16:13:48 - app.repositories.analysis_repository - INFO - Created analysis 4 for dataset 6
2026-03-07 16:13:48 - sqlalchemy.engine.Engine - INFO - COMMIT
2026-03-07 16:13:48 - app.api.v1.routes.analysis - INFO - Analysis saved for dataset 6: 7 relationships
2026-03-07 16:14:36 - sqlalchemy.engine.Engine - INFO - BEGIN (implicit)
2026-03-07 16:14:36 - sqlalchemy.engine.Engine - INFO - SELECT datasets.id, datasets.filename, datasets.original_filename, datasets.file_path, datasets.file_size, datasets.file_type, datasets.status, datasets.row_count, datasets.column_count, datasets.columns, datasets.column_types, datasets.summary_stats, datasets.created_at, datasets.updated_at 
FROM datasets 
WHERE datasets.id = $1::INTEGER
2026-03-07 16:14:36 - sqlalchemy.engine.Engine - INFO - [cached since 781.9s ago] (6,)
2026-03-07 16:14:36 - sqlalchemy.engine.Engine - INFO - SELECT cleaning_profiles.id, cleaning_profiles.name, cleaning_profiles.description, cleaning_profiles.handle_missing, cleaning_profiles.missing_fill_strategy, cleaning_profiles.missing_fill_value, cleaning_profiles.remove_duplicates, cleaning_profiles.duplicate_subset, cleaning_profiles.fix_data_types, cleaning_profiles.detect_outliers, cleaning_profiles.outlier_method, cleaning_profiles.outlier_threshold, cleaning_profiles.outlier_action, cleaning_profiles.strip_whitespace, cleaning_profiles.standardize_text, cleaning_profiles.standardize_dates, cleaning_profiles.date_format, cleaning_profiles.normalize_numeric, cleaning_profiles.normalization_method, cleaning_profiles.is_default, cleaning_profiles.created_at, cleaning_profiles.updated_at 
FROM cleaning_profiles 
WHERE cleaning_profiles.id = $1::INTEGER
2026-03-07 16:14:36 - sqlalchemy.engine.Engine - INFO - [generated in 0.00165s] (1,)
2026-03-07 16:14:36 - app.services.data.parser_service - INFO - Parsed csv file: 891 rows, 12 columns
2026-03-07 16:14:36 - app.services.data.cleaning_service - INFO - Handled 866 missing values using fill
2026-03-07 16:14:36 - app.services.data.cleaning_service - INFO - Removed 0 duplicate rows
2026-03-07 16:14:36 - app.services.data.cleaning_service - INFO - Fixed 0 column data types
2026-03-07 16:14:36 - app.services.data.cleaning_service - INFO - Detected 441 outliers using iqr method
2026-03-07 16:14:36 - sqlalchemy.engine.Engine - INFO - UPDATE datasets SET row_count=$1::INTEGER, column_count=$2::INTEGER, updated_at=now() WHERE datasets.id = $3::INTEGER
2026-03-07 16:14:36 - sqlalchemy.engine.Engine - INFO - [generated in 0.00096s] (891, 16, 6)
2026-03-07 16:14:36 - sqlalchemy.engine.Engine - INFO - COMMIT
2026-03-07 16:14:36 - sqlalchemy.engine.Engine - INFO - BEGIN (implicit)
2026-03-07 16:14:36 - sqlalchemy.engine.Engine - INFO - SELECT datasets.id, datasets.filename, datasets.original_filename, datasets.file_path, datasets.file_size, datasets.file_type, datasets.status, datasets.row_count, datasets.column_count, datasets.columns, datasets.column_types, datasets.summary_stats, datasets.created_at, datasets.updated_at 
FROM datasets 
WHERE datasets.id = $1::INTEGER
2026-03-07 16:14:36 - sqlalchemy.engine.Engine - INFO - [cached since 782s ago] (6,)
2026-03-07 16:14:36 - sqlalchemy.engine.Engine - INFO - INSERT INTO cleaning_logs (dataset_id, profile_id, operations_performed, rows_before, rows_after, duplicates_removed, missing_values_handled, outliers_detected, data_types_fixed, cleaning_report) VALUES ($1::INTEGER, $2::INTEGER, $3::JSON, $4::INTEGER, $5::INTEGER, $6::INTEGER, $7::INTEGER, $8::INTEGER, $9::INTEGER, $10::JSON) RETURNING cleaning_logs.id, cleaning_logs.created_at
2026-03-07 16:14:36 - sqlalchemy.engine.Engine - INFO - [generated in 0.00094s] (6, 1, '["missing_values", "duplicates", "data_types", "outliers", "text_cleaning", "date_standardization"]', 891, 891, 0, 866, 441, 0, '{"rows_before": 891, "operations": ["missing_values", "duplicates", "data_types", "outliers", "text_cleaning", "date_standardization"], "changes": {" ... (414 characters truncated) ... rch": 213, "Fare": 116}, "total_outliers": 441}, "dates": {"date_columns": [], "format": null, "changes": {}}}, "rows_after": 891, "rows_removed": 0}')
2026-03-07 16:14:36 - sqlalchemy.engine.Engine - INFO - SELECT cleaning_logs.id, cleaning_logs.dataset_id, cleaning_logs.profile_id, cleaning_logs.operations_performed, cleaning_logs.rows_before, cleaning_logs.rows_after, cleaning_logs.duplicates_removed, cleaning_logs.missing_values_handled, cleaning_logs.outliers_detected, cleaning_logs.data_types_fixed, cleaning_logs.cleaning_report, cleaning_logs.created_at 
FROM cleaning_logs 
WHERE cleaning_logs.id = $1::INTEGER
2026-03-07 16:14:36 - sqlalchemy.engine.Engine - INFO - [generated in 0.00095s] (2,)
2026-03-07 16:14:36 - app.api.v1.routes.cleaning - INFO - Cleaned dataset 6, created log 2
2026-03-07 16:14:36 - sqlalchemy.engine.Engine - INFO - COMMIT
2026-03-07 16:15:08 - sqlalchemy.engine.Engine - INFO - BEGIN (implicit)
2026-03-07 16:15:08 - sqlalchemy.engine.Engine - INFO - SELECT datasets.id, datasets.filename, datasets.original_filename, datasets.file_path, datasets.file_size, datasets.file_type, datasets.status, datasets.row_count, datasets.column_count, datasets.columns, datasets.column_types, datasets.summary_stats, datasets.created_at, datasets.updated_at 
FROM datasets 
WHERE datasets.id = $1::INTEGER
2026-03-07 16:15:08 - sqlalchemy.engine.Engine - INFO - [cached since 814.2s ago] (6,)
2026-03-07 16:15:08 - sqlalchemy.engine.Engine - INFO - SELECT column_analysis.id, column_analysis.dataset_id, column_analysis.metrics, column_analysis.dimensions, column_analysis.identifiers, column_analysis.temporal, column_analysis.geographic, column_analysis.other, column_analysis.relationships, column_analysis.dashboard_columns, column_analysis.primary_metric, column_analysis.analysis_method, column_analysis.confidence_score, column_analysis.total_relationships, column_analysis.created_at, column_analysis.updated_at 
FROM column_analysis 
WHERE column_analysis.dataset_id = $1::INTEGER ORDER BY column_analysis.created_at DESC
2026-03-07 16:15:08 - sqlalchemy.engine.Engine - INFO - [cached since 814.2s ago] (6,)
2026-03-07 16:15:08 - app.api.v1.routes.analysis - INFO - Returning existing analysis for dataset 6
2026-03-07 16:15:08 - sqlalchemy.engine.Engine - INFO - ROLLBACK
2026-03-07 16:15:10 - sqlalchemy.engine.Engine - INFO - BEGIN (implicit)
2026-03-07 16:15:10 - sqlalchemy.engine.Engine - INFO - SELECT datasets.id, datasets.filename, datasets.original_filename, datasets.file_path, datasets.file_size, datasets.file_type, datasets.status, datasets.row_count, datasets.column_count, datasets.columns, datasets.column_types, datasets.summary_stats, datasets.created_at, datasets.updated_at 
FROM datasets 
WHERE datasets.id = $1::INTEGER
2026-03-07 16:15:10 - sqlalchemy.engine.Engine - INFO - [cached since 815.4s ago] (6,)
2026-03-07 16:15:10 - sqlalchemy.engine.Engine - INFO - SELECT column_analysis.id, column_analysis.dataset_id, column_analysis.metrics, column_analysis.dimensions, column_analysis.identifiers, column_analysis.temporal, column_analysis.geographic, column_analysis.other, column_analysis.relationships, column_analysis.dashboard_columns, column_analysis.primary_metric, column_analysis.analysis_method, column_analysis.confidence_score, column_analysis.total_relationships, column_analysis.created_at, column_analysis.updated_at 
FROM column_analysis 
WHERE column_analysis.dataset_id = $1::INTEGER ORDER BY column_analysis.created_at DESC
2026-03-07 16:15:10 - sqlalchemy.engine.Engine - INFO - [cached since 815.3s ago] (6,)
2026-03-07 16:15:10 - app.api.v1.routes.analysis - INFO - Returning existing analysis for dataset 6
2026-03-07 16:15:10 - sqlalchemy.engine.Engine - INFO - ROLLBACK
2026-03-07 16:15:33 - sqlalchemy.engine.Engine - INFO - BEGIN (implicit)
2026-03-07 16:15:33 - sqlalchemy.engine.Engine - INFO - SELECT column_analysis.id, column_analysis.dataset_id, column_analysis.metrics, column_analysis.dimensions, column_analysis.identifiers, column_analysis.temporal, column_analysis.geographic, column_analysis.other, column_analysis.relationships, column_analysis.dashboard_columns, column_analysis.primary_metric, column_analysis.analysis_method, column_analysis.confidence_score, column_analysis.total_relationships, column_analysis.created_at, column_analysis.updated_at 
FROM column_analysis 
WHERE column_analysis.dataset_id = $1::INTEGER ORDER BY column_analysis.created_at DESC
2026-03-07 16:15:33 - sqlalchemy.engine.Engine - INFO - [cached since 838.3s ago] (6,)
2026-03-07 16:15:33 - sqlalchemy.engine.Engine - INFO - COMMIT
2026-03-07 16:16:26 - sqlalchemy.engine.Engine - INFO - BEGIN (implicit)
2026-03-07 16:16:26 - sqlalchemy.engine.Engine - INFO - SELECT datasets.id, datasets.filename, datasets.original_filename, datasets.file_path, datasets.file_size, datasets.file_type, datasets.status, datasets.row_count, datasets.column_count, datasets.columns, datasets.column_types, datasets.summary_stats, datasets.created_at, datasets.updated_at 
FROM datasets 
WHERE datasets.id = $1::INTEGER
2026-03-07 16:16:26 - sqlalchemy.engine.Engine - INFO - [cached since 891.6s ago] (6,)
2026-03-07 16:16:26 - sqlalchemy.engine.Engine - INFO - SELECT column_analysis.id, column_analysis.dataset_id, column_analysis.metrics, column_analysis.dimensions, column_analysis.identifiers, column_analysis.temporal, column_analysis.geographic, column_analysis.other, column_analysis.relationships, column_analysis.dashboard_columns, column_analysis.primary_metric, column_analysis.analysis_method, column_analysis.confidence_score, column_analysis.total_relationships, column_analysis.created_at, column_analysis.updated_at 
FROM column_analysis 
WHERE column_analysis.dataset_id = $1::INTEGER ORDER BY column_analysis.created_at DESC
2026-03-07 16:16:26 - sqlalchemy.engine.Engine - INFO - [cached since 891.5s ago] (6,)
2026-03-07 16:16:26 - app.api.v1.routes.analysis - INFO - Returning existing analysis for dataset 6
2026-03-07 16:16:26 - sqlalchemy.engine.Engine - INFO - ROLLBACK
2026-03-07 16:16:38 - sqlalchemy.engine.Engine - INFO - BEGIN (implicit)
2026-03-07 16:16:38 - sqlalchemy.engine.Engine - INFO - SELECT datasets.id, datasets.filename, datasets.original_filename, datasets.file_path, datasets.file_size, datasets.file_type, datasets.status, datasets.row_count, datasets.column_count, datasets.columns, datasets.column_types, datasets.summary_stats, datasets.created_at, datasets.updated_at 
FROM datasets 
WHERE datasets.id = $1::INTEGER
2026-03-07 16:16:38 - sqlalchemy.engine.Engine - INFO - [cached since 904.3s ago] (4,)
2026-03-07 16:16:38 - sqlalchemy.engine.Engine - INFO - SELECT column_analysis.id, column_analysis.dataset_id, column_analysis.metrics, column_analysis.dimensions, column_analysis.identifiers, column_analysis.temporal, column_analysis.geographic, column_analysis.other, column_analysis.relationships, column_analysis.dashboard_columns, column_analysis.primary_metric, column_analysis.analysis_method, column_analysis.confidence_score, column_analysis.total_relationships, column_analysis.created_at, column_analysis.updated_at 
FROM column_analysis 
WHERE column_analysis.dataset_id = $1::INTEGER ORDER BY column_analysis.created_at DESC
2026-03-07 16:16:38 - sqlalchemy.engine.Engine - INFO - [cached since 904.2s ago] (4,)
2026-03-07 16:16:38 - app.api.v1.routes.analysis - INFO - Loading dataset 4 for analysis...
2026-03-07 16:16:39 - app.services.data.parser_service - INFO - Parsed csv file: 1274 rows, 13 columns
2026-03-07 16:16:39 - app.services.analysis.column_analyzer - INFO - Analyzing 13 columns from 1274 rows...
2026-03-07 16:16:39 - app.services.analysis.column_analyzer - INFO - Detecting relationships with CustomPPS...
2026-03-07 16:16:43 - app.services.analysis.column_analyzer - INFO - Found 10 PPS relationships
2026-03-07 16:16:43 - app.services.analysis.column_analyzer - INFO - Found 0 correlations
2026-03-07 16:16:43 - app.services.analysis.column_analyzer - INFO - Analysis complete: 9 relationships found
2026-03-07 16:16:43 - sqlalchemy.engine.Engine - INFO - INSERT INTO column_analysis (dataset_id, metrics, dimensions, identifiers, temporal, geographic, other, relationships, dashboard_columns, primary_metric, analysis_method, confidence_score, total_relationships, updated_at) VALUES ($1::INTEGER, $2::JSON, $3::JSON, $4::JSON, $5::JSON, $6::JSON, $7::JSON, $8::JSON, $9::JSON, $10::VARCHAR, $11::VARCHAR, $12::FLOAT, $13::INTEGER, $14::TIMESTAMP WITH TIME ZONE) RETURNING column_analysis.id, column_analysis.created_at
2026-03-07 16:16:43 - sqlalchemy.engine.Engine - INFO - [cached since 903s ago] (4, '["Price_outlier"]', '["Company", "TypeName", "Inches", "ScreenResolution", "Ram", "Memory", "OpSys"]', '[]', '["Unnamed: 0", "Price"]', '[]', '["Cpu", "Gpu", "Weight"]', '[{"columns": ["Price", "Price_outlier"], "type": "predictive", "strength": 0.907, "direction": "Price \\u2192 Price_outlier", "method": "custom_pps", ... (1565 characters truncated) ... : 0.302, "direction": "Weight \\u2192 TypeName", "method": "custom_pps", "insight": "Weight can predict TypeName", "case": "numeric_to_categorical"}]', '["Price_outlier", "Company", "TypeName", "Inches", "Unnamed: 0"]', 'Price_outlier', 'custom_pps', np.float64(0.65), 9, None)
2026-03-07 16:16:43 - sqlalchemy.engine.Engine - INFO - SELECT column_analysis.id, column_analysis.dataset_id, column_analysis.metrics, column_analysis.dimensions, column_analysis.identifiers, column_analysis.temporal, column_analysis.geographic, column_analysis.other, column_analysis.relationships, column_analysis.dashboard_columns, column_analysis.primary_metric, column_analysis.analysis_method, column_analysis.confidence_score, column_analysis.total_relationships, column_analysis.created_at, column_analysis.updated_at 
FROM column_analysis 
WHERE column_analysis.id = $1::INTEGER
2026-03-07 16:16:43 - sqlalchemy.engine.Engine - INFO - [cached since 902.9s ago] (5,)
2026-03-07 16:16:43 - app.repositories.analysis_repository - INFO - Created analysis 5 for dataset 4
2026-03-07 16:16:43 - sqlalchemy.engine.Engine - INFO - COMMIT
2026-03-07 16:16:43 - app.api.v1.routes.analysis - INFO - Analysis saved for dataset 4: 9 relationships
2026-03-07 16:16:59 - sqlalchemy.engine.Engine - INFO - BEGIN (implicit)
2026-03-07 16:16:59 - sqlalchemy.engine.Engine - INFO - SELECT datasets.id, datasets.filename, datasets.original_filename, datasets.file_path, datasets.file_size, datasets.file_type, datasets.status, datasets.row_count, datasets.column_count, datasets.columns, datasets.column_types, datasets.summary_stats, datasets.created_at, datasets.updated_at 
FROM datasets ORDER BY datasets.created_at DESC 
 LIMIT $1::INTEGER OFFSET $2::INTEGER
2026-03-07 16:16:59 - sqlalchemy.engine.Engine - INFO - [generated in 0.00108s] (10, 0)
2026-03-07 16:16:59 - sqlalchemy.engine.Engine - INFO - SELECT count(datasets.id) AS count_1 
FROM datasets
2026-03-07 16:16:59 - sqlalchemy.engine.Engine - INFO - [generated in 0.01539s] ()
2026-03-07 16:16:59 - sqlalchemy.engine.Engine - INFO - COMMIT
2026-03-07 16:18:29 - sqlalchemy.engine.Engine - INFO - BEGIN (implicit)
2026-03-07 16:18:29 - sqlalchemy.engine.Engine - INFO - SELECT datasets.id, datasets.filename, datasets.original_filename, datasets.file_path, datasets.file_size, datasets.file_type, datasets.status, datasets.row_count, datasets.column_count, datasets.columns, datasets.column_types, datasets.summary_stats, datasets.created_at, datasets.updated_at 
FROM datasets 
WHERE datasets.id = $1::INTEGER
2026-03-07 16:18:29 - sqlalchemy.engine.Engine - INFO - [cached since 1015s ago] (3,)
2026-03-07 16:18:29 - sqlalchemy.engine.Engine - INFO - SELECT column_analysis.id, column_analysis.dataset_id, column_analysis.metrics, column_analysis.dimensions, column_analysis.identifiers, column_analysis.temporal, column_analysis.geographic, column_analysis.other, column_analysis.relationships, column_analysis.dashboard_columns, column_analysis.primary_metric, column_analysis.analysis_method, column_analysis.confidence_score, column_analysis.total_relationships, column_analysis.created_at, column_analysis.updated_at 
FROM column_analysis 
WHERE column_analysis.dataset_id = $1::INTEGER ORDER BY column_analysis.created_at DESC
2026-03-07 16:18:29 - sqlalchemy.engine.Engine - INFO - [cached since 1015s ago] (3,)
2026-03-07 16:18:29 - app.api.v1.routes.analysis - INFO - Loading dataset 3 for analysis...
2026-03-07 16:18:30 - app.services.data.parser_service - INFO - Parsed csv file: 90000 rows, 35 columns
2026-03-07 16:18:30 - app.services.analysis.column_analyzer - INFO - Analyzing 35 columns from 90000 rows...
2026-03-07 16:18:30 - app.services.analysis.column_analyzer - INFO - Detecting relationships with CustomPPS...
2026-03-07 16:18:30 - app.services.analysis.custom_pps - INFO - Sampled 5000 rows from 90000 for PPS analysis
2026-03-07 16:19:05 - app.services.analysis.column_analyzer - INFO - Found 28 PPS relationships
2026-03-07 16:19:05 - app.services.analysis.column_analyzer - INFO - Found 12 correlations
2026-03-07 16:19:05 - app.services.analysis.column_analyzer - INFO - Analysis complete: 16 relationships found
2026-03-07 16:19:05 - sqlalchemy.engine.Engine - INFO - INSERT INTO column_analysis (dataset_id, metrics, dimensions, identifiers, temporal, geographic, other, relationships, dashboard_columns, primary_metric, analysis_method, confidence_score, total_relationships, updated_at) VALUES ($1::INTEGER, $2::JSON, $3::JSON, $4::JSON, $5::JSON, $6::JSON, $7::JSON, $8::JSON, $9::JSON, $10::VARCHAR, $11::VARCHAR, $12::FLOAT, $13::INTEGER, $14::TIMESTAMP WITH TIME ZONE) RETURNING column_analysis.id, column_analysis.created_at
2026-03-07 16:19:05 - sqlalchemy.engine.Engine - INFO - [cached since 1046s ago] (3, '[]', '["job_role", "ai_specialization", "experience_level", "education_required", "industry", "company_size", "work_mode"]', '["id"]', '["experience_years", "salary_usd", "bonus_usd", "interview_rounds", "year", "weekly_hours", "company_rating", "job_openings", "hiring_difficulty_scor ... (220 characters truncated) ... ty_score", "career_growth_score", "work_life_balance_score", "promotion_speed", "salary_percentile", "cost_of_living_index", "employee_satisfaction"]', '["country"]', '[]', '[{"columns": ["experience_level", "experience_years"], "type": "predictive", "strength": 0.931, "direction": "experience_level \\u2192 experience_yea ... (3793 characters truncated) ... n": "bonus_usd \\u2192 experience_years", "method": "custom_pps", "insight": "bonus_usd can predict experience_years", "case": "numeric_to_numeric"}]', '["job_role", "ai_specialization", "experience_level", "experience_years", "country"]', None, 'custom_pps', np.float64(0.86), 16, None)
2026-03-07 16:19:05 - sqlalchemy.engine.Engine - INFO - SELECT column_analysis.id, column_analysis.dataset_id, column_analysis.metrics, column_analysis.dimensions, column_analysis.identifiers, column_analysis.temporal, column_analysis.geographic, column_analysis.other, column_analysis.relationships, column_analysis.dashboard_columns, column_analysis.primary_metric, column_analysis.analysis_method, column_analysis.confidence_score, column_analysis.total_relationships, column_analysis.created_at, column_analysis.updated_at 
FROM column_analysis 
WHERE column_analysis.id = $1::INTEGER
2026-03-07 16:19:05 - sqlalchemy.engine.Engine - INFO - [cached since 1046s ago] (6,)
2026-03-07 16:19:05 - app.repositories.analysis_repository - INFO - Created analysis 6 for dataset 3
2026-03-07 16:19:05 - sqlalchemy.engine.Engine - INFO - COMMIT
2026-03-07 16:19:05 - app.api.v1.routes.analysis - INFO - Analysis saved for dataset 3: 16 relationships
2026-03-07 17:09:57 - sqlalchemy.engine.Engine - INFO - BEGIN (implicit)
2026-03-07 17:09:57 - sqlalchemy.engine.Engine - INFO - SELECT column_analysis.id, column_analysis.dataset_id, column_analysis.metrics, column_analysis.dimensions, column_analysis.identifiers, column_analysis.temporal, column_analysis.geographic, column_analysis.other, column_analysis.relationships, column_analysis.dashboard_columns, column_analysis.primary_metric, column_analysis.analysis_method, column_analysis.confidence_score, column_analysis.total_relationships, column_analysis.created_at, column_analysis.updated_at 
FROM column_analysis 
WHERE column_analysis.dataset_id = $1::INTEGER ORDER BY column_analysis.created_at DESC
2026-03-07 17:09:57 - sqlalchemy.engine.Engine - INFO - [cached since 4103s ago] (4,)
2026-03-07 17:09:57 - sqlalchemy.engine.Engine - INFO - COMMIT
2026-03-07 17:20:11 - app.services.data.ingestion_service - INFO - File saved: 1d04be90-7737-425a-b897-9cc8e7d4fc46.csv (1510 bytes)
2026-03-07 17:20:11 - sqlalchemy.engine.Engine - INFO - BEGIN (implicit)
2026-03-07 17:20:11 - sqlalchemy.engine.Engine - INFO - INSERT INTO datasets (filename, original_filename, file_path, file_size, file_type, status, row_count, column_count, updated_at) VALUES ($1::VARCHAR, $2::VARCHAR, $3::VARCHAR, $4::BIGINT, $5::VARCHAR, $6::datasetstatus, $7::INTEGER, $8::INTEGER, $9::TIMESTAMP WITH TIME ZONE) RETURNING datasets.id, datasets.created_at
2026-03-07 17:20:11 - sqlalchemy.engine.Engine - INFO - [cached since 4041s ago] ('1d04be90-7737-425a-b897-9cc8e7d4fc46.csv', 'fifa_world_cup_history.csv', 'uploads\\1d04be90-7737-425a-b897-9cc8e7d4fc46.csv', 1510, 'csv', 'UPLOADED', None, None, None)
2026-03-07 17:20:11 - sqlalchemy.engine.Engine - INFO - SELECT datasets.id, datasets.filename, datasets.original_filename, datasets.file_path, datasets.file_size, datasets.file_type, datasets.status, datasets.row_count, datasets.column_count, datasets.columns, datasets.column_types, datasets.summary_stats, datasets.created_at, datasets.updated_at 
FROM datasets 
WHERE datasets.id = $1::INTEGER
2026-03-07 17:20:11 - sqlalchemy.engine.Engine - INFO - [cached since 4041s ago] (7,)
2026-03-07 17:20:11 - app.repositories.dataset_repository - INFO - Created dataset: 7
2026-03-07 17:20:11 - app.api.v1.routes.upload - INFO - File uploaded: fifa_world_cup_history.csv -> Dataset ID: 7
2026-03-07 17:20:11 - sqlalchemy.engine.Engine - INFO - BEGIN (implicit)
2026-03-07 17:20:11 - sqlalchemy.engine.Engine - INFO - UPDATE datasets SET status=$1::datasetstatus, updated_at=now() WHERE datasets.id = $2::INTEGER
2026-03-07 17:20:11 - sqlalchemy.engine.Engine - INFO - [cached since 4040s ago] ('PROCESSING', 7)
2026-03-07 17:20:11 - sqlalchemy.engine.Engine - INFO - COMMIT
2026-03-07 17:20:11 - sqlalchemy.engine.Engine - INFO - BEGIN (implicit)
2026-03-07 17:20:11 - sqlalchemy.engine.Engine - INFO - SELECT datasets.id, datasets.filename, datasets.original_filename, datasets.file_path, datasets.file_size, datasets.file_type, datasets.status, datasets.row_count, datasets.column_count, datasets.columns, datasets.column_types, datasets.summary_stats, datasets.created_at, datasets.updated_at 
FROM datasets 
WHERE datasets.id = $1::INTEGER
2026-03-07 17:20:11 - sqlalchemy.engine.Engine - INFO - [cached since 4717s ago] (7,)
2026-03-07 17:20:12 - app.services.data.parser_service - INFO - Parsed csv file: 22 rows, 10 columns
2026-03-07 17:20:12 - sqlalchemy.engine.Engine - INFO - UPDATE datasets SET status=$1::datasetstatus, row_count=$2::INTEGER, column_count=$3::INTEGER, columns=$4::JSON, column_types=$5::JSON, summary_stats=$6::JSON, updated_at=now() WHERE datasets.id = $7::INTEGER
2026-03-07 17:20:12 - sqlalchemy.engine.Engine - INFO - [cached since 4040s ago] ('PROCESSED', 22, 10, '["Year", "Host_Country", "Winner", "Runner_Up", "Third_Place", "Fourth_Place", "Total_Goals", "Matches_Played", "Teams", "Goals_Per_Match"]', '{"Year": "int64", "Host_Country": "object", "Winner": "object", "Runner_Up": "object", "Third_Place": "object", "Fourth_Place": "object", "Total_Goals": "int64", "Matches_Played": "int64", "Teams": "int64", "Goals_Per_Match": "float64"}', '{"Year": {"count": 22.0, "mean": 1978.909090909091, "std": 27.738419447039753, "min": 1930.0, "25%": 1959.0, "50%": 1980.0, "75%": 2001.0, "max": 202 ... (468 characters truncated) ... er_Match": {"count": 22.0, "mean": 3.065909090909091, "std": 0.8400547549665981, "min": 2.21, "25%": 2.5725, "50%": 2.7, "75%": 3.4425, "max": 5.38}}', 7)
2026-03-07 17:20:12 - sqlalchemy.engine.Engine - INFO - COMMIT
2026-03-07 17:20:12 - sqlalchemy.engine.Engine - INFO - BEGIN (implicit)
2026-03-07 17:20:12 - sqlalchemy.engine.Engine - INFO - SELECT datasets.id, datasets.filename, datasets.original_filename, datasets.file_path, datasets.file_size, datasets.file_type, datasets.status, datasets.row_count, datasets.column_count, datasets.columns, datasets.column_types, datasets.summary_stats, datasets.created_at, datasets.updated_at 
FROM datasets 
WHERE datasets.id = $1::INTEGER
2026-03-07 17:20:12 - sqlalchemy.engine.Engine - INFO - [cached since 4717s ago] (7,)
2026-03-07 17:20:12 - sqlalchemy.engine.Engine - INFO - COMMIT
2026-03-07 17:20:12 - app.api.v1.routes.upload - INFO - Dataset 7 processed successfully
2026-03-07 17:20:12 - app.api.v1.routes.upload - INFO - Starting auto-analysis for dataset 7...
2026-03-07 17:20:12 - app.services.analysis.column_analyzer - INFO - Analyzing 10 columns from 22 rows...
2026-03-07 17:20:12 - app.services.analysis.column_analyzer - INFO - Detecting relationships with CustomPPS...
2026-03-07 17:20:13 - app.services.analysis.column_analyzer - INFO - Found 0 PPS relationships
2026-03-07 17:20:13 - app.services.analysis.column_analyzer - INFO - Found 9 correlations
2026-03-07 17:20:13 - app.services.analysis.column_analyzer - INFO - Analysis complete: 9 relationships found
2026-03-07 17:20:13 - sqlalchemy.engine.Engine - INFO - BEGIN (implicit)
2026-03-07 17:20:13 - sqlalchemy.engine.Engine - INFO - INSERT INTO column_analysis (dataset_id, metrics, dimensions, identifiers, temporal, geographic, other, relationships, dashboard_columns, primary_metric, analysis_method, confidence_score, total_relationships, updated_at) VALUES ($1::INTEGER, $2::JSON, $3::JSON, $4::JSON, $5::JSON, $6::JSON, $7::JSON, $8::JSON, $9::JSON, $10::VARCHAR, $11::VARCHAR, $12::FLOAT, $13::INTEGER, $14::TIMESTAMP WITH TIME ZONE) RETURNING column_analysis.id, column_analysis.created_at
2026-03-07 17:20:13 - sqlalchemy.engine.Engine - INFO - [cached since 4038s ago] (7, '[]', '["Winner", "Runner_Up", "Third_Place", "Fourth_Place"]', '[]', '["Year", "Total_Goals", "Matches_Played", "Teams", "Goals_Per_Match"]', '["Host_Country"]', '[]', '[{"columns": ["Year", "Matches_Played"], "type": "correlation", "strength": 0.97, "direction": "positive", "method": "pearson", "chart_suggestion": " ... (1148 characters truncated) ... ["Teams", "Goals_Per_Match"], "type": "correlation", "strength": 0.612, "direction": "negative", "method": "pearson", "chart_suggestion": "scatter"}]', '["Winner", "Runner_Up", "Third_Place", "Year", "Host_Country"]', None, 'custom_pps', np.float64(0.95), 9, None)
2026-03-07 17:20:13 - sqlalchemy.engine.Engine - INFO - ROLLBACK
2026-03-07 17:20:13 - app.api.v1.routes.upload - ERROR - Auto-analysis failed for dataset 7: (sqlalchemy.dialects.postgresql.asyncpg.IntegrityError) <class 'asyncpg.exceptions.ForeignKeyViolationError'>: une instruction insert ou update sur la table « column_analysis » viole la contrainte de clé
étrangère « column_analysis_dataset_id_fkey »
DETAIL:  La clé (dataset_id)=(7) n'est pas présente dans la table « datasets ».
[SQL: INSERT INTO column_analysis (dataset_id, metrics, dimensions, identifiers, temporal, geographic, other, relationships, dashboard_columns, primary_metric, analysis_method, confidence_score, total_relationships, updated_at) VALUES ($1::INTEGER, $2::JSON, $3::JSON, $4::JSON, $5::JSON, $6::JSON, $7::JSON, $8::JSON, $9::JSON, $10::VARCHAR, $11::VARCHAR, $12::FLOAT, $13::INTEGER, $14::TIMESTAMP WITH TIME ZONE) RETURNING column_analysis.id, column_analysis.created_at]
[parameters: (7, '[]', '["Winner", "Runner_Up", "Third_Place", "Fourth_Place"]', '[]', '["Year", "Total_Goals", "Matches_Played", "Teams", "Goals_Per_Match"]', '["Host_Country"]', '[]', '[{"columns": ["Year", "Matches_Played"], "type": "correlation", "strength": 0.97, "direction": "positive", "method": "pearson", "chart_suggestion": " ... (1148 characters truncated) ... ["Teams", "Goals_Per_Match"], "type": "correlation", "strength": 0.612, "direction": "negative", "method": "pearson", "chart_suggestion": "scatter"}]', '["Winner", "Runner_Up", "Third_Place", "Year", "Host_Country"]', None, 'custom_pps', np.float64(0.95), 9, None)]
(Background on this error at: https://sqlalche.me/e/20/gkpj)
2026-03-07 17:20:13 - sqlalchemy.engine.Engine - INFO - COMMIT
2026-03-07 17:20:27 - sqlalchemy.engine.Engine - INFO - BEGIN (implicit)
2026-03-07 17:20:27 - sqlalchemy.engine.Engine - INFO - SELECT datasets.id, datasets.filename, datasets.original_filename, datasets.file_path, datasets.file_size, datasets.file_type, datasets.status, datasets.row_count, datasets.column_count, datasets.columns, datasets.column_types, datasets.summary_stats, datasets.created_at, datasets.updated_at 
FROM datasets 
WHERE datasets.id = $1::INTEGER
2026-03-07 17:20:27 - sqlalchemy.engine.Engine - INFO - [cached since 4733s ago] (7,)
2026-03-07 17:20:27 - sqlalchemy.engine.Engine - INFO - SELECT column_analysis.id, column_analysis.dataset_id, column_analysis.metrics, column_analysis.dimensions, column_analysis.identifiers, column_analysis.temporal, column_analysis.geographic, column_analysis.other, column_analysis.relationships, column_analysis.dashboard_columns, column_analysis.primary_metric, column_analysis.analysis_method, column_analysis.confidence_score, column_analysis.total_relationships, column_analysis.created_at, column_analysis.updated_at 
FROM column_analysis 
WHERE column_analysis.dataset_id = $1::INTEGER ORDER BY column_analysis.created_at DESC
2026-03-07 17:20:27 - sqlalchemy.engine.Engine - INFO - [cached since 4733s ago] (7,)
2026-03-07 17:20:27 - app.api.v1.routes.analysis - INFO - Loading dataset 7 for analysis...
2026-03-07 17:20:27 - app.services.data.parser_service - INFO - Parsed csv file: 22 rows, 10 columns
2026-03-07 17:20:27 - app.services.analysis.column_analyzer - INFO - Analyzing 10 columns from 22 rows...
2026-03-07 17:20:27 - app.services.analysis.column_analyzer - INFO - Detecting relationships with CustomPPS...
2026-03-07 17:20:28 - app.services.analysis.column_analyzer - INFO - Found 0 PPS relationships
2026-03-07 17:20:28 - app.services.analysis.column_analyzer - INFO - Found 9 correlations
2026-03-07 17:20:28 - app.services.analysis.column_analyzer - INFO - Analysis complete: 9 relationships found
2026-03-07 17:20:28 - sqlalchemy.engine.Engine - INFO - INSERT INTO column_analysis (dataset_id, metrics, dimensions, identifiers, temporal, geographic, other, relationships, dashboard_columns, primary_metric, analysis_method, confidence_score, total_relationships, updated_at) VALUES ($1::INTEGER, $2::JSON, $3::JSON, $4::JSON, $5::JSON, $6::JSON, $7::JSON, $8::JSON, $9::JSON, $10::VARCHAR, $11::VARCHAR, $12::FLOAT, $13::INTEGER, $14::TIMESTAMP WITH TIME ZONE) RETURNING column_analysis.id, column_analysis.created_at
2026-03-07 17:20:28 - sqlalchemy.engine.Engine - INFO - [cached since 4728s ago] (7, '[]', '["Winner", "Runner_Up", "Third_Place", "Fourth_Place"]', '[]', '["Year", "Total_Goals", "Matches_Played", "Teams", "Goals_Per_Match"]', '["Host_Country"]', '[]', '[{"columns": ["Year", "Matches_Played"], "type": "correlation", "strength": 0.97, "direction": "positive", "method": "pearson", "chart_suggestion": " ... (1148 characters truncated) ... ["Teams", "Goals_Per_Match"], "type": "correlation", "strength": 0.612, "direction": "negative", "method": "pearson", "chart_suggestion": "scatter"}]', '["Winner", "Runner_Up", "Third_Place", "Year", "Host_Country"]', None, 'custom_pps', np.float64(0.95), 9, None)
2026-03-07 17:20:28 - sqlalchemy.engine.Engine - INFO - SELECT column_analysis.id, column_analysis.dataset_id, column_analysis.metrics, column_analysis.dimensions, column_analysis.identifiers, column_analysis.temporal, column_analysis.geographic, column_analysis.other, column_analysis.relationships, column_analysis.dashboard_columns, column_analysis.primary_metric, column_analysis.analysis_method, column_analysis.confidence_score, column_analysis.total_relationships, column_analysis.created_at, column_analysis.updated_at 
FROM column_analysis 
WHERE column_analysis.id = $1::INTEGER
2026-03-07 17:20:28 - sqlalchemy.engine.Engine - INFO - [cached since 4728s ago] (8,)
2026-03-07 17:20:28 - app.repositories.analysis_repository - INFO - Created analysis 8 for dataset 7
2026-03-07 17:20:28 - sqlalchemy.engine.Engine - INFO - COMMIT
2026-03-07 17:20:28 - app.api.v1.routes.analysis - INFO - Analysis saved for dataset 7: 9 relationships
2026-03-07 17:38:44 - app.services.data.ingestion_service - INFO - File saved: 308c4355-fc73-4d6b-9ff1-4545e2b16721.csv (195247 bytes)
2026-03-07 17:38:44 - sqlalchemy.engine.Engine - INFO - BEGIN (implicit)
2026-03-07 17:38:44 - sqlalchemy.engine.Engine - INFO - INSERT INTO datasets (filename, original_filename, file_path, file_size, file_type, status, row_count, column_count, updated_at) VALUES ($1::VARCHAR, $2::VARCHAR, $3::VARCHAR, $4::BIGINT, $5::VARCHAR, $6::datasetstatus, $7::INTEGER, $8::INTEGER, $9::TIMESTAMP WITH TIME ZONE) RETURNING datasets.id, datasets.created_at
2026-03-07 17:38:44 - sqlalchemy.engine.Engine - INFO - [cached since 5153s ago] ('308c4355-fc73-4d6b-9ff1-4545e2b16721.csv', 'Employee.csv', 'uploads\\308c4355-fc73-4d6b-9ff1-4545e2b16721.csv', 195247, 'csv', 'UPLOADED', None, None, None)
2026-03-07 17:38:44 - sqlalchemy.engine.Engine - INFO - SELECT datasets.id, datasets.filename, datasets.original_filename, datasets.file_path, datasets.file_size, datasets.file_type, datasets.status, datasets.row_count, datasets.column_count, datasets.columns, datasets.column_types, datasets.summary_stats, datasets.created_at, datasets.updated_at 
FROM datasets 
WHERE datasets.id = $1::INTEGER
2026-03-07 17:38:44 - sqlalchemy.engine.Engine - INFO - [cached since 5153s ago] (8,)
2026-03-07 17:38:44 - app.repositories.dataset_repository - INFO - Created dataset: 8
2026-03-07 17:38:44 - app.api.v1.routes.upload - INFO - File uploaded: Employee.csv -> Dataset ID: 8
2026-03-07 17:38:44 - sqlalchemy.engine.Engine - INFO - BEGIN (implicit)
2026-03-07 17:38:44 - sqlalchemy.engine.Engine - INFO - UPDATE datasets SET status=$1::datasetstatus, updated_at=now() WHERE datasets.id = $2::INTEGER
2026-03-07 17:38:44 - sqlalchemy.engine.Engine - INFO - [cached since 5153s ago] ('PROCESSING', 8)
2026-03-07 17:38:44 - sqlalchemy.engine.Engine - INFO - COMMIT
2026-03-07 17:38:44 - sqlalchemy.engine.Engine - INFO - BEGIN (implicit)
2026-03-07 17:38:44 - sqlalchemy.engine.Engine - INFO - SELECT datasets.id, datasets.filename, datasets.original_filename, datasets.file_path, datasets.file_size, datasets.file_type, datasets.status, datasets.row_count, datasets.column_count, datasets.columns, datasets.column_types, datasets.summary_stats, datasets.created_at, datasets.updated_at 
FROM datasets 
WHERE datasets.id = $1::INTEGER
2026-03-07 17:38:44 - sqlalchemy.engine.Engine - INFO - [cached since 5830s ago] (8,)
2026-03-07 17:38:44 - app.services.data.parser_service - INFO - Parsed csv file: 4653 rows, 9 columns
2026-03-07 17:38:44 - sqlalchemy.engine.Engine - INFO - UPDATE datasets SET status=$1::datasetstatus, row_count=$2::INTEGER, column_count=$3::INTEGER, columns=$4::JSON, column_types=$5::JSON, summary_stats=$6::JSON, updated_at=now() WHERE datasets.id = $7::INTEGER
2026-03-07 17:38:44 - sqlalchemy.engine.Engine - INFO - [cached since 5153s ago] ('PROCESSED', 4653, 9, '["Education", "JoiningYear", "City", "PaymentTier", "Age", "Gender", "EverBenched", "ExperienceInCurrentDomain", "LeaveOrNot"]', '{"Education": "object", "JoiningYear": "int64", "City": "object", "PaymentTier": "int64", "Age": "int64", "Gender": "object", "EverBenched": "object", "ExperienceInCurrentDomain": "int64", "LeaveOrNot": "int64"}', '{"JoiningYear": {"count": 4653.0, "mean": 2015.0629701267999, "std": 1.8633768286863546, "min": 2012.0, "25%": 2013.0, "50%": 2015.0, "75%": 2017.0,  ... (470 characters truncated) ...  "LeaveOrNot": {"count": 4653.0, "mean": 0.3438641736514077, "std": 0.47504747514881046, "min": 0.0, "25%": 0.0, "50%": 0.0, "75%": 1.0, "max": 1.0}}', 8)
2026-03-07 17:38:44 - sqlalchemy.engine.Engine - INFO - COMMIT
2026-03-07 17:38:44 - sqlalchemy.engine.Engine - INFO - BEGIN (implicit)
2026-03-07 17:38:44 - sqlalchemy.engine.Engine - INFO - SELECT datasets.id, datasets.filename, datasets.original_filename, datasets.file_path, datasets.file_size, datasets.file_type, datasets.status, datasets.row_count, datasets.column_count, datasets.columns, datasets.column_types, datasets.summary_stats, datasets.created_at, datasets.updated_at 
FROM datasets 
WHERE datasets.id = $1::INTEGER
2026-03-07 17:38:44 - sqlalchemy.engine.Engine - INFO - [cached since 5830s ago] (8,)
2026-03-07 17:38:44 - sqlalchemy.engine.Engine - INFO - COMMIT
2026-03-07 17:38:44 - app.api.v1.routes.upload - INFO - Dataset 8 processed successfully
2026-03-07 17:38:44 - app.api.v1.routes.upload - INFO - Starting auto-analysis for dataset 8...
2026-03-07 17:38:44 - app.services.analysis.column_analyzer - INFO - Analyzing 9 columns from 4653 rows...
2026-03-07 17:38:44 - app.services.analysis.column_analyzer - INFO - Detecting relationships with CustomPPS...
2026-03-07 17:38:46 - app.services.analysis.column_analyzer - INFO - Found 1 PPS relationships
2026-03-07 17:38:46 - app.services.analysis.column_analyzer - INFO - Found 0 correlations
2026-03-07 17:38:46 - app.services.analysis.column_analyzer - INFO - Analysis complete: 1 relationships found
2026-03-07 17:38:46 - sqlalchemy.engine.Engine - INFO - BEGIN (implicit)
2026-03-07 17:38:46 - sqlalchemy.engine.Engine - INFO - INSERT INTO column_analysis (dataset_id, metrics, dimensions, identifiers, temporal, geographic, other, relationships, dashboard_columns, primary_metric, analysis_method, confidence_score, total_relationships, updated_at) VALUES ($1::INTEGER, $2::JSON, $3::JSON, $4::JSON, $5::JSON, $6::JSON, $7::JSON, $8::JSON, $9::JSON, $10::VARCHAR, $11::VARCHAR, $12::FLOAT, $13::INTEGER, $14::TIMESTAMP WITH TIME ZONE) RETURNING column_analysis.id, column_analysis.created_at
2026-03-07 17:38:46 - sqlalchemy.engine.Engine - INFO - [cached since 5152s ago] (8, '[]', '["Education", "Gender", "EverBenched"]', '[]', '["JoiningYear", "PaymentTier", "Age", "ExperienceInCurrentDomain", "LeaveOrNot"]', '["City"]', '[]', '[{"columns": ["Age", "ExperienceInCurrentDomain"], "type": "predictive", "strength": 0.478, "direction": "Age \\u2192 ExperienceInCurrentDomain", "method": "custom_pps", "insight": "Age can predict ExperienceInCurrentDomain", "case": "numeric_to_numeric"}]', '["Education", "Gender", "EverBenched", "JoiningYear", "City"]', None, 'custom_pps', np.float64(0.63), 1, None)
2026-03-07 17:38:46 - sqlalchemy.engine.Engine - INFO - ROLLBACK
2026-03-07 17:38:46 - app.api.v1.routes.upload - ERROR - Auto-analysis failed for dataset 8: (sqlalchemy.dialects.postgresql.asyncpg.IntegrityError) <class 'asyncpg.exceptions.ForeignKeyViolationError'>: une instruction insert ou update sur la table « column_analysis » viole la contrainte de clé
étrangère « column_analysis_dataset_id_fkey »
DETAIL:  La clé (dataset_id)=(8) n'est pas présente dans la table « datasets ».
[SQL: INSERT INTO column_analysis (dataset_id, metrics, dimensions, identifiers, temporal, geographic, other, relationships, dashboard_columns, primary_metric, analysis_method, confidence_score, total_relationships, updated_at) VALUES ($1::INTEGER, $2::JSON, $3::JSON, $4::JSON, $5::JSON, $6::JSON, $7::JSON, $8::JSON, $9::JSON, $10::VARCHAR, $11::VARCHAR, $12::FLOAT, $13::INTEGER, $14::TIMESTAMP WITH TIME ZONE) RETURNING column_analysis.id, column_analysis.created_at]
[parameters: (8, '[]', '["Education", "Gender", "EverBenched"]', '[]', '["JoiningYear", "PaymentTier", "Age", "ExperienceInCurrentDomain", "LeaveOrNot"]', '["City"]', '[]', '[{"columns": ["Age", "ExperienceInCurrentDomain"], "type": "predictive", "strength": 0.478, "direction": "Age \\u2192 ExperienceInCurrentDomain", "method": "custom_pps", "insight": "Age can predict ExperienceInCurrentDomain", "case": "numeric_to_numeric"}]', '["Education", "Gender", "EverBenched", "JoiningYear", "City"]', None, 'custom_pps', np.float64(0.63), 1, None)]
(Background on this error at: https://sqlalche.me/e/20/gkpj)
2026-03-07 17:38:46 - sqlalchemy.engine.Engine - INFO - COMMIT
2026-03-07 17:39:02 - sqlalchemy.engine.Engine - INFO - BEGIN (implicit)
2026-03-07 17:39:02 - sqlalchemy.engine.Engine - INFO - SELECT datasets.id, datasets.filename, datasets.original_filename, datasets.file_path, datasets.file_size, datasets.file_type, datasets.status, datasets.row_count, datasets.column_count, datasets.columns, datasets.column_types, datasets.summary_stats, datasets.created_at, datasets.updated_at 
FROM datasets 
WHERE datasets.id = $1::INTEGER
2026-03-07 17:39:02 - sqlalchemy.engine.Engine - INFO - [cached since 5847s ago] (8,)
2026-03-07 17:39:02 - sqlalchemy.engine.Engine - INFO - SELECT column_analysis.id, column_analysis.dataset_id, column_analysis.metrics, column_analysis.dimensions, column_analysis.identifiers, column_analysis.temporal, column_analysis.geographic, column_analysis.other, column_analysis.relationships, column_analysis.dashboard_columns, column_analysis.primary_metric, column_analysis.analysis_method, column_analysis.confidence_score, column_analysis.total_relationships, column_analysis.created_at, column_analysis.updated_at 
FROM column_analysis 
WHERE column_analysis.dataset_id = $1::INTEGER ORDER BY column_analysis.created_at DESC
2026-03-07 17:39:02 - sqlalchemy.engine.Engine - INFO - [cached since 5847s ago] (8,)
2026-03-07 17:39:02 - app.api.v1.routes.analysis - INFO - Loading dataset 8 for analysis...
2026-03-07 17:39:02 - app.services.data.parser_service - INFO - Parsed csv file: 4653 rows, 9 columns
2026-03-07 17:39:02 - app.services.analysis.column_analyzer - INFO - Analyzing 9 columns from 4653 rows...
2026-03-07 17:39:02 - app.services.analysis.column_analyzer - INFO - Detecting relationships with CustomPPS...
2026-03-07 17:39:04 - app.services.analysis.column_analyzer - INFO - Found 1 PPS relationships
2026-03-07 17:39:04 - app.services.analysis.column_analyzer - INFO - Found 0 correlations
2026-03-07 17:39:04 - app.services.analysis.column_analyzer - INFO - Analysis complete: 1 relationships found
2026-03-07 17:39:04 - sqlalchemy.engine.Engine - INFO - INSERT INTO column_analysis (dataset_id, metrics, dimensions, identifiers, temporal, geographic, other, relationships, dashboard_columns, primary_metric, analysis_method, confidence_score, total_relationships, updated_at) VALUES ($1::INTEGER, $2::JSON, $3::JSON, $4::JSON, $5::JSON, $6::JSON, $7::JSON, $8::JSON, $9::JSON, $10::VARCHAR, $11::VARCHAR, $12::FLOAT, $13::INTEGER, $14::TIMESTAMP WITH TIME ZONE) RETURNING column_analysis.id, column_analysis.created_at
2026-03-07 17:39:04 - sqlalchemy.engine.Engine - INFO - [cached since 5844s ago] (8, '[]', '["Education", "Gender", "EverBenched"]', '[]', '["JoiningYear", "PaymentTier", "Age", "ExperienceInCurrentDomain", "LeaveOrNot"]', '["City"]', '[]', '[{"columns": ["Age", "ExperienceInCurrentDomain"], "type": "predictive", "strength": 0.478, "direction": "Age \\u2192 ExperienceInCurrentDomain", "method": "custom_pps", "insight": "Age can predict ExperienceInCurrentDomain", "case": "numeric_to_numeric"}]', '["Education", "Gender", "EverBenched", "JoiningYear", "City"]', None, 'custom_pps', np.float64(0.63), 1, None)
2026-03-07 17:39:04 - sqlalchemy.engine.Engine - INFO - SELECT column_analysis.id, column_analysis.dataset_id, column_analysis.metrics, column_analysis.dimensions, column_analysis.identifiers, column_analysis.temporal, column_analysis.geographic, column_analysis.other, column_analysis.relationships, column_analysis.dashboard_columns, column_analysis.primary_metric, column_analysis.analysis_method, column_analysis.confidence_score, column_analysis.total_relationships, column_analysis.created_at, column_analysis.updated_at 
FROM column_analysis 
WHERE column_analysis.id = $1::INTEGER
2026-03-07 17:39:04 - sqlalchemy.engine.Engine - INFO - [cached since 5844s ago] (10,)
2026-03-07 17:39:04 - app.repositories.analysis_repository - INFO - Created analysis 10 for dataset 8
2026-03-07 17:39:04 - sqlalchemy.engine.Engine - INFO - COMMIT
2026-03-07 17:39:04 - app.api.v1.routes.analysis - INFO - Analysis saved for dataset 8: 1 relationships
2026-03-07 17:41:07 - sqlalchemy.engine.Engine - INFO - BEGIN (implicit)
2026-03-07 17:41:07 - sqlalchemy.engine.Engine - INFO - SELECT datasets.id, datasets.filename, datasets.original_filename, datasets.file_path, datasets.file_size, datasets.file_type, datasets.status, datasets.row_count, datasets.column_count, datasets.columns, datasets.column_types, datasets.summary_stats, datasets.created_at, datasets.updated_at 
FROM datasets 
WHERE datasets.id = $1::INTEGER
2026-03-07 17:41:07 - sqlalchemy.engine.Engine - INFO - [cached since 5973s ago] (8,)
2026-03-07 17:41:07 - sqlalchemy.engine.Engine - INFO - SELECT column_analysis.id, column_analysis.dataset_id, column_analysis.metrics, column_analysis.dimensions, column_analysis.identifiers, column_analysis.temporal, column_analysis.geographic, column_analysis.other, column_analysis.relationships, column_analysis.dashboard_columns, column_analysis.primary_metric, column_analysis.analysis_method, column_analysis.confidence_score, column_analysis.total_relationships, column_analysis.created_at, column_analysis.updated_at 
FROM column_analysis 
WHERE column_analysis.dataset_id = $1::INTEGER ORDER BY column_analysis.created_at DESC
2026-03-07 17:41:07 - sqlalchemy.engine.Engine - INFO - [cached since 5973s ago] (8,)
2026-03-07 17:41:07 - app.api.v1.routes.analysis - INFO - Returning existing analysis for dataset 8
2026-03-07 17:41:07 - sqlalchemy.engine.Engine - INFO - COMMIT
2026-03-07 17:50:23 - sqlalchemy.engine.Engine - INFO - BEGIN (implicit)
2026-03-07 17:50:23 - sqlalchemy.engine.Engine - INFO - SELECT column_analysis.id, column_analysis.dataset_id, column_analysis.metrics, column_analysis.dimensions, column_analysis.identifiers, column_analysis.temporal, column_analysis.geographic, column_analysis.other, column_analysis.relationships, column_analysis.dashboard_columns, column_analysis.primary_metric, column_analysis.analysis_method, column_analysis.confidence_score, column_analysis.total_relationships, column_analysis.created_at, column_analysis.updated_at 
FROM column_analysis 
WHERE column_analysis.dataset_id = $1::INTEGER ORDER BY column_analysis.created_at DESC
2026-03-07 17:50:23 - sqlalchemy.engine.Engine - INFO - [cached since 6528s ago] (6,)
2026-03-07 17:50:23 - sqlalchemy.engine.Engine - INFO - COMMIT
2026-03-07 17:50:25 - sqlalchemy.engine.Engine - INFO - BEGIN (implicit)
2026-03-07 17:50:25 - sqlalchemy.engine.Engine - INFO - SELECT column_analysis.id, column_analysis.dataset_id, column_analysis.metrics, column_analysis.dimensions, column_analysis.identifiers, column_analysis.temporal, column_analysis.geographic, column_analysis.other, column_analysis.relationships, column_analysis.dashboard_columns, column_analysis.primary_metric, column_analysis.analysis_method, column_analysis.confidence_score, column_analysis.total_relationships, column_analysis.created_at, column_analysis.updated_at 
FROM column_analysis 
WHERE column_analysis.dataset_id = $1::INTEGER ORDER BY column_analysis.created_at DESC
2026-03-07 17:50:25 - sqlalchemy.engine.Engine - INFO - [cached since 6531s ago] (8,)
2026-03-07 17:50:25 - sqlalchemy.engine.Engine - INFO - COMMIT
2026-03-07 17:50:26 - sqlalchemy.engine.Engine - INFO - BEGIN (implicit)
2026-03-07 17:50:26 - sqlalchemy.engine.Engine - INFO - SELECT column_analysis.id, column_analysis.dataset_id, column_analysis.metrics, column_analysis.dimensions, column_analysis.identifiers, column_analysis.temporal, column_analysis.geographic, column_analysis.other, column_analysis.relationships, column_analysis.dashboard_columns, column_analysis.primary_metric, column_analysis.analysis_method, column_analysis.confidence_score, column_analysis.total_relationships, column_analysis.created_at, column_analysis.updated_at 
FROM column_analysis 
WHERE column_analysis.dataset_id = $1::INTEGER ORDER BY column_analysis.created_at DESC
2026-03-07 17:50:26 - sqlalchemy.engine.Engine - INFO - [cached since 6532s ago] (8,)
2026-03-07 17:50:26 - sqlalchemy.engine.Engine - INFO - COMMIT
2026-03-07 17:51:57 - sqlalchemy.engine.Engine - INFO - BEGIN (implicit)
2026-03-07 17:51:57 - sqlalchemy.engine.Engine - INFO - SELECT datasets.id, datasets.filename, datasets.original_filename, datasets.file_path, datasets.file_size, datasets.file_type, datasets.status, datasets.row_count, datasets.column_count, datasets.columns, datasets.column_types, datasets.summary_stats, datasets.created_at, datasets.updated_at 
FROM datasets 
WHERE datasets.id = $1::INTEGER
2026-03-07 17:51:57 - sqlalchemy.engine.Engine - INFO - [cached since 6623s ago] (8,)
2026-03-07 17:51:57 - sqlalchemy.engine.Engine - INFO - SELECT cleaning_profiles.id, cleaning_profiles.name, cleaning_profiles.description, cleaning_profiles.handle_missing, cleaning_profiles.missing_fill_strategy, cleaning_profiles.missing_fill_value, cleaning_profiles.remove_duplicates, cleaning_profiles.duplicate_subset, cleaning_profiles.fix_data_types, cleaning_profiles.detect_outliers, cleaning_profiles.outlier_method, cleaning_profiles.outlier_threshold, cleaning_profiles.outlier_action, cleaning_profiles.strip_whitespace, cleaning_profiles.standardize_text, cleaning_profiles.standardize_dates, cleaning_profiles.date_format, cleaning_profiles.normalize_numeric, cleaning_profiles.normalization_method, cleaning_profiles.is_default, cleaning_profiles.created_at, cleaning_profiles.updated_at 
FROM cleaning_profiles 
WHERE cleaning_profiles.id = $1::INTEGER
2026-03-07 17:51:57 - sqlalchemy.engine.Engine - INFO - [cached since 5841s ago] (1,)
2026-03-07 17:51:57 - app.services.data.parser_service - INFO - Parsed csv file: 4653 rows, 9 columns
2026-03-07 17:51:57 - app.services.data.cleaning_service - INFO - Handled 0 missing values using fill
2026-03-07 17:51:57 - app.services.data.cleaning_service - INFO - Removed 1889 duplicate rows
2026-03-07 17:51:57 - app.services.data.cleaning_service - INFO - Fixed 0 column data types
2026-03-07 17:51:57 - app.services.data.cleaning_service - INFO - Detected 0 outliers using iqr method
2026-03-07 17:51:57 - sqlalchemy.engine.Engine - INFO - UPDATE datasets SET row_count=$1::INTEGER, column_count=$2::INTEGER, updated_at=now() WHERE datasets.id = $3::INTEGER
2026-03-07 17:51:57 - sqlalchemy.engine.Engine - INFO - [cached since 5841s ago] (2764, 9, 8)
2026-03-07 17:51:57 - sqlalchemy.engine.Engine - INFO - COMMIT
2026-03-07 17:51:57 - sqlalchemy.engine.Engine - INFO - BEGIN (implicit)
2026-03-07 17:51:57 - sqlalchemy.engine.Engine - INFO - SELECT datasets.id, datasets.filename, datasets.original_filename, datasets.file_path, datasets.file_size, datasets.file_type, datasets.status, datasets.row_count, datasets.column_count, datasets.columns, datasets.column_types, datasets.summary_stats, datasets.created_at, datasets.updated_at 
FROM datasets 
WHERE datasets.id = $1::INTEGER
2026-03-07 17:51:57 - sqlalchemy.engine.Engine - INFO - [cached since 6623s ago] (8,)
2026-03-07 17:51:57 - sqlalchemy.engine.Engine - INFO - INSERT INTO cleaning_logs (dataset_id, profile_id, operations_performed, rows_before, rows_after, duplicates_removed, missing_values_handled, outliers_detected, data_types_fixed, cleaning_report) VALUES ($1::INTEGER, $2::INTEGER, $3::JSON, $4::INTEGER, $5::INTEGER, $6::INTEGER, $7::INTEGER, $8::INTEGER, $9::INTEGER, $10::JSON) RETURNING cleaning_logs.id, cleaning_logs.created_at
2026-03-07 17:51:57 - sqlalchemy.engine.Engine - INFO - [cached since 5841s ago] (8, 1, '["missing_values", "duplicates", "data_types", "outliers", "text_cleaning", "date_standardization"]', 4653, 2764, 1889, 0, 0, 0, '{"rows_before": 4653, "operations": ["missing_values", "duplicates", "data_types", "outliers", "text_cleaning", "date_standardization"], "changes": { ... (333 characters truncated) ... tliers_by_column": {}, "total_outliers": 0}, "dates": {"date_columns": [], "format": null, "changes": {}}}, "rows_after": 2764, "rows_removed": 1889}')
2026-03-07 17:51:58 - sqlalchemy.engine.Engine - INFO - SELECT cleaning_logs.id, cleaning_logs.dataset_id, cleaning_logs.profile_id, cleaning_logs.operations_performed, cleaning_logs.rows_before, cleaning_logs.rows_after, cleaning_logs.duplicates_removed, cleaning_logs.missing_values_handled, cleaning_logs.outliers_detected, cleaning_logs.data_types_fixed, cleaning_logs.cleaning_report, cleaning_logs.created_at 
FROM cleaning_logs 
WHERE cleaning_logs.id = $1::INTEGER
2026-03-07 17:51:58 - sqlalchemy.engine.Engine - INFO - [cached since 5841s ago] (3,)
2026-03-07 17:51:58 - app.api.v1.routes.cleaning - INFO - Cleaned dataset 8, created log 3
2026-03-07 17:51:58 - sqlalchemy.engine.Engine - INFO - COMMIT
2026-03-07 17:52:06 - sqlalchemy.engine.Engine - INFO - BEGIN (implicit)
2026-03-07 17:52:06 - sqlalchemy.engine.Engine - INFO - SELECT datasets.id, datasets.filename, datasets.original_filename, datasets.file_path, datasets.file_size, datasets.file_type, datasets.status, datasets.row_count, datasets.column_count, datasets.columns, datasets.column_types, datasets.summary_stats, datasets.created_at, datasets.updated_at 
FROM datasets 
WHERE datasets.id = $1::INTEGER
2026-03-07 17:52:06 - sqlalchemy.engine.Engine - INFO - [cached since 6632s ago] (8,)
2026-03-07 17:52:06 - sqlalchemy.engine.Engine - INFO - SELECT column_analysis.id, column_analysis.dataset_id, column_analysis.metrics, column_analysis.dimensions, column_analysis.identifiers, column_analysis.temporal, column_analysis.geographic, column_analysis.other, column_analysis.relationships, column_analysis.dashboard_columns, column_analysis.primary_metric, column_analysis.analysis_method, column_analysis.confidence_score, column_analysis.total_relationships, column_analysis.created_at, column_analysis.updated_at 
FROM column_analysis 
WHERE column_analysis.dataset_id = $1::INTEGER ORDER BY column_analysis.created_at DESC
2026-03-07 17:52:06 - sqlalchemy.engine.Engine - INFO - [cached since 6632s ago] (8,)
2026-03-07 17:52:06 - app.api.v1.routes.analysis - INFO - Returning existing analysis for dataset 8
2026-03-07 17:52:06 - sqlalchemy.engine.Engine - INFO - COMMIT
2026-03-11 22:38:36 - root - INFO - Starting AI Data Analytics Service v1.0.0
2026-03-11 22:38:36 - root - INFO - Environment: development
2026-03-11 22:38:36 - sqlalchemy.engine.Engine - INFO - select pg_catalog.version()
2026-03-11 22:38:36 - sqlalchemy.engine.Engine - INFO - [raw sql] ()
2026-03-11 22:38:36 - sqlalchemy.engine.Engine - INFO - select current_schema()
2026-03-11 22:38:36 - sqlalchemy.engine.Engine - INFO - [raw sql] ()
2026-03-11 22:38:36 - sqlalchemy.engine.Engine - INFO - show standard_conforming_strings
2026-03-11 22:38:36 - sqlalchemy.engine.Engine - INFO - [raw sql] ()
2026-03-11 22:38:36 - sqlalchemy.engine.Engine - INFO - BEGIN (implicit)
2026-03-11 22:38:36 - sqlalchemy.engine.Engine - INFO - SELECT pg_catalog.pg_class.relname 
FROM pg_catalog.pg_class JOIN pg_catalog.pg_namespace ON pg_catalog.pg_namespace.oid = pg_catalog.pg_class.relnamespace 
WHERE pg_catalog.pg_class.relname = $1::VARCHAR AND pg_catalog.pg_class.relkind = ANY (ARRAY[$2::VARCHAR, $3::VARCHAR, $4::VARCHAR, $5::VARCHAR, $6::VARCHAR]) AND pg_catalog.pg_table_is_visible(pg_catalog.pg_class.oid) AND pg_catalog.pg_namespace.nspname != $7::VARCHAR
2026-03-11 22:38:36 - sqlalchemy.engine.Engine - INFO - [generated in 0.00119s] ('datasets', 'r', 'p', 'f', 'v', 'm', 'pg_catalog')
2026-03-11 22:38:36 - sqlalchemy.engine.Engine - INFO - SELECT pg_catalog.pg_class.relname 
FROM pg_catalog.pg_class JOIN pg_catalog.pg_namespace ON pg_catalog.pg_namespace.oid = pg_catalog.pg_class.relnamespace 
WHERE pg_catalog.pg_class.relname = $1::VARCHAR AND pg_catalog.pg_class.relkind = ANY (ARRAY[$2::VARCHAR, $3::VARCHAR, $4::VARCHAR, $5::VARCHAR, $6::VARCHAR]) AND pg_catalog.pg_table_is_visible(pg_catalog.pg_class.oid) AND pg_catalog.pg_namespace.nspname != $7::VARCHAR
2026-03-11 22:38:36 - sqlalchemy.engine.Engine - INFO - [cached since 0.07877s ago] ('column_analysis', 'r', 'p', 'f', 'v', 'm', 'pg_catalog')
2026-03-11 22:38:36 - sqlalchemy.engine.Engine - INFO - SELECT pg_catalog.pg_class.relname 
FROM pg_catalog.pg_class JOIN pg_catalog.pg_namespace ON pg_catalog.pg_namespace.oid = pg_catalog.pg_class.relnamespace 
WHERE pg_catalog.pg_class.relname = $1::VARCHAR AND pg_catalog.pg_class.relkind = ANY (ARRAY[$2::VARCHAR, $3::VARCHAR, $4::VARCHAR, $5::VARCHAR, $6::VARCHAR]) AND pg_catalog.pg_table_is_visible(pg_catalog.pg_class.oid) AND pg_catalog.pg_namespace.nspname != $7::VARCHAR
2026-03-11 22:38:36 - sqlalchemy.engine.Engine - INFO - [cached since 0.08234s ago] ('cleaning_profiles', 'r', 'p', 'f', 'v', 'm', 'pg_catalog')
2026-03-11 22:38:36 - sqlalchemy.engine.Engine - INFO - SELECT pg_catalog.pg_class.relname 
FROM pg_catalog.pg_class JOIN pg_catalog.pg_namespace ON pg_catalog.pg_namespace.oid = pg_catalog.pg_class.relnamespace 
WHERE pg_catalog.pg_class.relname = $1::VARCHAR AND pg_catalog.pg_class.relkind = ANY (ARRAY[$2::VARCHAR, $3::VARCHAR, $4::VARCHAR, $5::VARCHAR, $6::VARCHAR]) AND pg_catalog.pg_table_is_visible(pg_catalog.pg_class.oid) AND pg_catalog.pg_namespace.nspname != $7::VARCHAR
2026-03-11 22:38:36 - sqlalchemy.engine.Engine - INFO - [cached since 0.08524s ago] ('cleaning_logs', 'r', 'p', 'f', 'v', 'm', 'pg_catalog')
2026-03-11 22:38:36 - sqlalchemy.engine.Engine - INFO - SELECT pg_catalog.pg_type.typname 
FROM pg_catalog.pg_type JOIN pg_catalog.pg_namespace ON pg_catalog.pg_namespace.oid = pg_catalog.pg_type.typnamespace 
WHERE pg_catalog.pg_type.typname = $1::VARCHAR AND pg_catalog.pg_type_is_visible(pg_catalog.pg_type.oid) AND pg_catalog.pg_namespace.nspname != $2::VARCHAR
2026-03-11 22:38:36 - sqlalchemy.engine.Engine - INFO - [generated in 0.00155s] ('datasetstatus', 'pg_catalog')
2026-03-11 22:38:36 - sqlalchemy.engine.Engine - INFO - COMMIT
2026-03-11 22:38:36 - app.core.database - INFO - Database initialized
2026-03-11 22:38:36 - app.core.cache - INFO - Redis connected
2026-03-11 22:39:15 - sqlalchemy.engine.Engine - INFO - BEGIN (implicit)
2026-03-11 22:39:15 - sqlalchemy.engine.Engine - INFO - SELECT datasets.id, datasets.filename, datasets.original_filename, datasets.file_path, datasets.file_size, datasets.file_type, datasets.status, datasets.row_count, datasets.column_count, datasets.columns, datasets.column_types, datasets.summary_stats, datasets.created_at, datasets.updated_at 
FROM datasets ORDER BY datasets.created_at DESC 
 LIMIT $1::INTEGER OFFSET $2::INTEGER
2026-03-11 22:39:15 - sqlalchemy.engine.Engine - INFO - [generated in 0.00121s] (10, 0)
2026-03-11 22:39:15 - sqlalchemy.engine.Engine - INFO - SELECT count(datasets.id) AS count_1 
FROM datasets
2026-03-11 22:39:15 - sqlalchemy.engine.Engine - INFO - [generated in 0.00063s] ()
2026-03-11 22:39:15 - sqlalchemy.engine.Engine - INFO - COMMIT
2026-03-11 22:39:59 - sqlalchemy.engine.Engine - INFO - BEGIN (implicit)
2026-03-11 22:39:59 - sqlalchemy.engine.Engine - INFO - SELECT datasets.id, datasets.filename, datasets.original_filename, datasets.file_path, datasets.file_size, datasets.file_type, datasets.status, datasets.row_count, datasets.column_count, datasets.columns, datasets.column_types, datasets.summary_stats, datasets.created_at, datasets.updated_at 
FROM datasets 
WHERE datasets.id = $1::INTEGER
2026-03-11 22:39:59 - sqlalchemy.engine.Engine - INFO - [generated in 0.00145s] (8,)
2026-03-11 22:39:59 - sqlalchemy.engine.Engine - INFO - SELECT column_analysis.id, column_analysis.dataset_id, column_analysis.metrics, column_analysis.dimensions, column_analysis.identifiers, column_analysis.temporal, column_analysis.geographic, column_analysis.other, column_analysis.relationships, column_analysis.dashboard_columns, column_analysis.primary_metric, column_analysis.analysis_method, column_analysis.confidence_score, column_analysis.total_relationships, column_analysis.created_at, column_analysis.updated_at 
FROM column_analysis 
WHERE column_analysis.dataset_id = $1::INTEGER ORDER BY column_analysis.created_at DESC
2026-03-11 22:39:59 - sqlalchemy.engine.Engine - INFO - [generated in 0.00119s] (8,)
2026-03-11 22:39:59 - app.api.v1.routes.analysis - INFO - Returning existing analysis for dataset 8
2026-03-11 22:39:59 - sqlalchemy.engine.Engine - INFO - COMMIT
2026-03-11 22:40:01 - sqlalchemy.engine.Engine - INFO - BEGIN (implicit)
2026-03-11 22:40:01 - sqlalchemy.engine.Engine - INFO - SELECT datasets.id, datasets.filename, datasets.original_filename, datasets.file_path, datasets.file_size, datasets.file_type, datasets.status, datasets.row_count, datasets.column_count, datasets.columns, datasets.column_types, datasets.summary_stats, datasets.created_at, datasets.updated_at 
FROM datasets 
WHERE datasets.id = $1::INTEGER
2026-03-11 22:40:01 - sqlalchemy.engine.Engine - INFO - [cached since 2.152s ago] (8,)
2026-03-11 22:40:01 - sqlalchemy.engine.Engine - INFO - SELECT column_analysis.id, column_analysis.dataset_id, column_analysis.metrics, column_analysis.dimensions, column_analysis.identifiers, column_analysis.temporal, column_analysis.geographic, column_analysis.other, column_analysis.relationships, column_analysis.dashboard_columns, column_analysis.primary_metric, column_analysis.analysis_method, column_analysis.confidence_score, column_analysis.total_relationships, column_analysis.created_at, column_analysis.updated_at 
FROM column_analysis 
WHERE column_analysis.dataset_id = $1::INTEGER ORDER BY column_analysis.created_at DESC
2026-03-11 22:40:01 - sqlalchemy.engine.Engine - INFO - [cached since 2.15s ago] (8,)
2026-03-11 22:40:01 - app.api.v1.routes.analysis - INFO - Returning existing analysis for dataset 8
2026-03-11 22:40:01 - sqlalchemy.engine.Engine - INFO - COMMIT
2026-03-11 22:40:59 - sqlalchemy.engine.Engine - INFO - BEGIN (implicit)
2026-03-11 22:40:59 - sqlalchemy.engine.Engine - INFO - SELECT column_analysis.id, column_analysis.dataset_id, column_analysis.metrics, column_analysis.dimensions, column_analysis.identifiers, column_analysis.temporal, column_analysis.geographic, column_analysis.other, column_analysis.relationships, column_analysis.dashboard_columns, column_analysis.primary_metric, column_analysis.analysis_method, column_analysis.confidence_score, column_analysis.total_relationships, column_analysis.created_at, column_analysis.updated_at 
FROM column_analysis 
WHERE column_analysis.dataset_id = $1::INTEGER ORDER BY column_analysis.created_at DESC
2026-03-11 22:40:59 - sqlalchemy.engine.Engine - INFO - [cached since 60.4s ago] (8,)
2026-03-11 22:40:59 - sqlalchemy.engine.Engine - INFO - COMMIT
2026-03-11 22:42:12 - sqlalchemy.engine.Engine - INFO - BEGIN (implicit)
2026-03-11 22:42:12 - sqlalchemy.engine.Engine - INFO - SELECT column_analysis.id, column_analysis.dataset_id, column_analysis.metrics, column_analysis.dimensions, column_analysis.identifiers, column_analysis.temporal, column_analysis.geographic, column_analysis.other, column_analysis.relationships, column_analysis.dashboard_columns, column_analysis.primary_metric, column_analysis.analysis_method, column_analysis.confidence_score, column_analysis.total_relationships, column_analysis.created_at, column_analysis.updated_at 
FROM column_analysis 
WHERE column_analysis.dataset_id = $1::INTEGER ORDER BY column_analysis.created_at DESC
2026-03-11 22:42:12 - sqlalchemy.engine.Engine - INFO - [cached since 133.8s ago] (7,)
2026-03-11 22:42:12 - sqlalchemy.engine.Engine - INFO - COMMIT
2026-03-11 22:51:23 - app.services.data.ingestion_service - INFO - File saved: e23743b4-ee54-48b9-8a4d-1d2032a87686.csv (8477 bytes)
2026-03-11 22:51:23 - sqlalchemy.engine.Engine - INFO - BEGIN (implicit)
2026-03-11 22:51:23 - sqlalchemy.engine.Engine - INFO - INSERT INTO datasets (filename, original_filename, file_path, file_size, file_type, status, row_count, column_count, updated_at) VALUES ($1::VARCHAR, $2::VARCHAR, $3::VARCHAR, $4::BIGINT, $5::VARCHAR, $6::datasetstatus, $7::INTEGER, $8::INTEGER, $9::TIMESTAMP WITH TIME ZONE) RETURNING datasets.id, datasets.created_at
2026-03-11 22:51:23 - sqlalchemy.engine.Engine - INFO - [generated in 0.00091s] ('e23743b4-ee54-48b9-8a4d-1d2032a87686.csv', 'employee_test_data.csv', 'uploads\\e23743b4-ee54-48b9-8a4d-1d2032a87686.csv', 8477, 'csv', 'UPLOADED', None, None, None)
2026-03-11 22:51:23 - sqlalchemy.engine.Engine - INFO - SELECT datasets.id, datasets.filename, datasets.original_filename, datasets.file_path, datasets.file_size, datasets.file_type, datasets.status, datasets.row_count, datasets.column_count, datasets.columns, datasets.column_types, datasets.summary_stats, datasets.created_at, datasets.updated_at 
FROM datasets 
WHERE datasets.id = $1::INTEGER
2026-03-11 22:51:23 - sqlalchemy.engine.Engine - INFO - [generated in 0.00119s] (9,)
2026-03-11 22:51:23 - app.repositories.dataset_repository - INFO - Created dataset: 9
2026-03-11 22:51:23 - app.api.v1.routes.upload - INFO - File uploaded: employee_test_data.csv -> Dataset ID: 9
2026-03-11 22:51:23 - sqlalchemy.engine.Engine - INFO - BEGIN (implicit)
2026-03-11 22:51:23 - sqlalchemy.engine.Engine - INFO - UPDATE datasets SET status=$1::datasetstatus, updated_at=now() WHERE datasets.id = $2::INTEGER
2026-03-11 22:51:23 - sqlalchemy.engine.Engine - INFO - [generated in 0.00094s] ('PROCESSING', 9)
2026-03-11 22:51:23 - sqlalchemy.engine.Engine - INFO - COMMIT
2026-03-11 22:51:23 - sqlalchemy.engine.Engine - INFO - BEGIN (implicit)
2026-03-11 22:51:23 - sqlalchemy.engine.Engine - INFO - SELECT datasets.id, datasets.filename, datasets.original_filename, datasets.file_path, datasets.file_size, datasets.file_type, datasets.status, datasets.row_count, datasets.column_count, datasets.columns, datasets.column_types, datasets.summary_stats, datasets.created_at, datasets.updated_at 
FROM datasets 
WHERE datasets.id = $1::INTEGER
2026-03-11 22:51:23 - sqlalchemy.engine.Engine - INFO - [cached since 684.9s ago] (9,)
2026-03-11 22:51:24 - app.services.data.parser_service - INFO - Parsed csv file: 200 rows, 10 columns
2026-03-11 22:51:24 - sqlalchemy.engine.Engine - INFO - UPDATE datasets SET status=$1::datasetstatus, row_count=$2::INTEGER, column_count=$3::INTEGER, columns=$4::JSON, column_types=$5::JSON, summary_stats=$6::JSON, updated_at=now() WHERE datasets.id = $7::INTEGER
2026-03-11 22:51:24 - sqlalchemy.engine.Engine - INFO - [generated in 0.00141s] ('PROCESSED', 200, 10, '["EmployeeID", "Age", "Department", "Education", "YearsAtCompany", "Salary", "PerformanceRating", "WorkLifeBalance", "JobSatisfaction", "Attrition"]', '{"EmployeeID": "object", "Age": "int64", "Department": "object", "Education": "object", "YearsAtCompany": "int64", "Salary": "int64", "PerformanceRating": "int64", "WorkLifeBalance": "int64", "JobSatisfaction": "int64", "Attrition": "object"}', '{"Age": {"count": 200.0, "mean": 34.285, "std": 5.341011798823879, "min": 25.0, "25%": 30.0, "50%": 34.0, "75%": 39.0, "max": 45.0}, "YearsAtCompany" ... (544 characters truncated) ... ax": 4.0}, "JobSatisfaction": {"count": 200.0, "mean": 3.445, "std": 1.1460989109007298, "min": 1.0, "25%": 3.0, "50%": 4.0, "75%": 4.0, "max": 5.0}}', 9)
2026-03-11 22:51:24 - sqlalchemy.engine.Engine - INFO - COMMIT
2026-03-11 22:51:24 - sqlalchemy.engine.Engine - INFO - BEGIN (implicit)
2026-03-11 22:51:24 - sqlalchemy.engine.Engine - INFO - SELECT datasets.id, datasets.filename, datasets.original_filename, datasets.file_path, datasets.file_size, datasets.file_type, datasets.status, datasets.row_count, datasets.column_count, datasets.columns, datasets.column_types, datasets.summary_stats, datasets.created_at, datasets.updated_at 
FROM datasets 
WHERE datasets.id = $1::INTEGER
2026-03-11 22:51:24 - sqlalchemy.engine.Engine - INFO - [cached since 685s ago] (9,)
2026-03-11 22:51:24 - sqlalchemy.engine.Engine - INFO - COMMIT
2026-03-11 22:51:24 - app.api.v1.routes.upload - INFO - Dataset 9 processed successfully
2026-03-11 22:51:24 - app.api.v1.routes.upload - INFO - Starting auto-analysis for dataset 9...
2026-03-11 22:51:24 - app.services.analysis.column_analyzer - INFO - Analyzing 10 columns from 200 rows...
2026-03-11 22:51:24 - app.services.analysis.column_analyzer - INFO - Detecting relationships with CustomPPS...
2026-03-11 22:51:25 - app.services.analysis.column_analyzer - INFO - Found 51 PPS relationships
2026-03-11 22:51:25 - app.services.analysis.column_analyzer - INFO - Found 7 correlations
2026-03-11 22:51:25 - app.services.analysis.column_analyzer - INFO - Analysis complete: 31 relationships found
2026-03-11 22:51:25 - sqlalchemy.engine.Engine - INFO - BEGIN (implicit)
2026-03-11 22:51:25 - sqlalchemy.engine.Engine - INFO - INSERT INTO column_analysis (dataset_id, metrics, dimensions, identifiers, temporal, geographic, other, relationships, dashboard_columns, primary_metric, analysis_method, confidence_score, total_relationships, updated_at) VALUES ($1::INTEGER, $2::JSON, $3::JSON, $4::JSON, $5::JSON, $6::JSON, $7::JSON, $8::JSON, $9::JSON, $10::VARCHAR, $11::VARCHAR, $12::FLOAT, $13::INTEGER, $14::TIMESTAMP WITH TIME ZONE) RETURNING column_analysis.id, column_analysis.created_at
2026-03-11 22:51:25 - sqlalchemy.engine.Engine - INFO - [generated in 0.00183s] (9, '[]', '["Department", "Education", "Attrition"]', '["EmployeeID"]', '["Age", "YearsAtCompany", "Salary", "PerformanceRating", "WorkLifeBalance", "JobSatisfaction"]', '[]', '[]', '[{"columns": ["Department", "Attrition"], "type": "predictive", "strength": 0.985, "direction": "Department \\u2192 Attrition", "method": "custom_pps ... (7137 characters truncated) ... rsAtCompany \\u2192 JobSatisfaction", "method": "custom_pps", "insight": "YearsAtCompany can predict JobSatisfaction", "case": "numeric_to_numeric"}]', '["Department", "Education", "Attrition", "Age"]', None, 'custom_pps', np.float64(0.99), 31, None)
2026-03-11 22:51:25 - sqlalchemy.engine.Engine - INFO - ROLLBACK
2026-03-11 22:51:25 - app.api.v1.routes.upload - ERROR - Auto-analysis failed for dataset 9: (sqlalchemy.dialects.postgresql.asyncpg.IntegrityError) <class 'asyncpg.exceptions.ForeignKeyViolationError'>: une instruction insert ou update sur la table « column_analysis » viole la contrainte de clé
étrangère « column_analysis_dataset_id_fkey »
DETAIL:  La clé (dataset_id)=(9) n'est pas présente dans la table « datasets ».
[SQL: INSERT INTO column_analysis (dataset_id, metrics, dimensions, identifiers, temporal, geographic, other, relationships, dashboard_columns, primary_metric, analysis_method, confidence_score, total_relationships, updated_at) VALUES ($1::INTEGER, $2::JSON, $3::JSON, $4::JSON, $5::JSON, $6::JSON, $7::JSON, $8::JSON, $9::JSON, $10::VARCHAR, $11::VARCHAR, $12::FLOAT, $13::INTEGER, $14::TIMESTAMP WITH TIME ZONE) RETURNING column_analysis.id, column_analysis.created_at]
[parameters: (9, '[]', '["Department", "Education", "Attrition"]', '["EmployeeID"]', '["Age", "YearsAtCompany", "Salary", "PerformanceRating", "WorkLifeBalance", "JobSatisfaction"]', '[]', '[]', '[{"columns": ["Department", "Attrition"], "type": "predictive", "strength": 0.985, "direction": "Department \\u2192 Attrition", "method": "custom_pps ... (7137 characters truncated) ... rsAtCompany \\u2192 JobSatisfaction", "method": "custom_pps", "insight": "YearsAtCompany can predict JobSatisfaction", "case": "numeric_to_numeric"}]', '["Department", "Education", "Attrition", "Age"]', None, 'custom_pps', np.float64(0.99), 31, None)]
(Background on this error at: https://sqlalche.me/e/20/gkpj)
2026-03-11 22:51:25 - sqlalchemy.engine.Engine - INFO - COMMIT
2026-03-11 22:51:48 - sqlalchemy.engine.Engine - INFO - BEGIN (implicit)
2026-03-11 22:51:48 - sqlalchemy.engine.Engine - INFO - SELECT column_analysis.id, column_analysis.dataset_id, column_analysis.metrics, column_analysis.dimensions, column_analysis.identifiers, column_analysis.temporal, column_analysis.geographic, column_analysis.other, column_analysis.relationships, column_analysis.dashboard_columns, column_analysis.primary_metric, column_analysis.analysis_method, column_analysis.confidence_score, column_analysis.total_relationships, column_analysis.created_at, column_analysis.updated_at 
FROM column_analysis 
WHERE column_analysis.dataset_id = $1::INTEGER ORDER BY column_analysis.created_at DESC
2026-03-11 22:51:48 - sqlalchemy.engine.Engine - INFO - [cached since 709.4s ago] (7,)
2026-03-11 22:51:48 - sqlalchemy.engine.Engine - INFO - COMMIT
2026-03-11 22:51:57 - sqlalchemy.engine.Engine - INFO - BEGIN (implicit)
2026-03-11 22:51:57 - sqlalchemy.engine.Engine - INFO - SELECT column_analysis.id, column_analysis.dataset_id, column_analysis.metrics, column_analysis.dimensions, column_analysis.identifiers, column_analysis.temporal, column_analysis.geographic, column_analysis.other, column_analysis.relationships, column_analysis.dashboard_columns, column_analysis.primary_metric, column_analysis.analysis_method, column_analysis.confidence_score, column_analysis.total_relationships, column_analysis.created_at, column_analysis.updated_at 
FROM column_analysis 
WHERE column_analysis.dataset_id = $1::INTEGER ORDER BY column_analysis.created_at DESC
2026-03-11 22:51:57 - sqlalchemy.engine.Engine - INFO - [cached since 717.9s ago] (9,)
2026-03-11 22:51:57 - sqlalchemy.engine.Engine - INFO - ROLLBACK
2026-03-11 22:51:57 - app.core.database - ERROR - Database error: 404: No analysis found. Run POST /datasets/9/analyze first.
2026-03-11 22:52:14 - sqlalchemy.engine.Engine - INFO - BEGIN (implicit)
2026-03-11 22:52:14 - sqlalchemy.engine.Engine - INFO - SELECT column_analysis.id, column_analysis.dataset_id, column_analysis.metrics, column_analysis.dimensions, column_analysis.identifiers, column_analysis.temporal, column_analysis.geographic, column_analysis.other, column_analysis.relationships, column_analysis.dashboard_columns, column_analysis.primary_metric, column_analysis.analysis_method, column_analysis.confidence_score, column_analysis.total_relationships, column_analysis.created_at, column_analysis.updated_at 
FROM column_analysis 
WHERE column_analysis.dataset_id = $1::INTEGER ORDER BY column_analysis.created_at DESC
2026-03-11 22:52:14 - sqlalchemy.engine.Engine - INFO - [cached since 735.7s ago] (9,)
2026-03-11 22:52:14 - sqlalchemy.engine.Engine - INFO - ROLLBACK
2026-03-11 22:52:14 - app.core.database - ERROR - Database error: 404: No analysis found for dataset 9. Run POST /datasets/9/analyze first.
2026-03-11 22:52:36 - sqlalchemy.engine.Engine - INFO - BEGIN (implicit)
2026-03-11 22:52:36 - sqlalchemy.engine.Engine - INFO - SELECT datasets.id, datasets.filename, datasets.original_filename, datasets.file_path, datasets.file_size, datasets.file_type, datasets.status, datasets.row_count, datasets.column_count, datasets.columns, datasets.column_types, datasets.summary_stats, datasets.created_at, datasets.updated_at 
FROM datasets 
WHERE datasets.id = $1::INTEGER
2026-03-11 22:52:36 - sqlalchemy.engine.Engine - INFO - [cached since 757.6s ago] (9,)
2026-03-11 22:52:36 - sqlalchemy.engine.Engine - INFO - SELECT column_analysis.id, column_analysis.dataset_id, column_analysis.metrics, column_analysis.dimensions, column_analysis.identifiers, column_analysis.temporal, column_analysis.geographic, column_analysis.other, column_analysis.relationships, column_analysis.dashboard_columns, column_analysis.primary_metric, column_analysis.analysis_method, column_analysis.confidence_score, column_analysis.total_relationships, column_analysis.created_at, column_analysis.updated_at 
FROM column_analysis 
WHERE column_analysis.dataset_id = $1::INTEGER ORDER BY column_analysis.created_at DESC
2026-03-11 22:52:36 - sqlalchemy.engine.Engine - INFO - [cached since 757.6s ago] (9,)
2026-03-11 22:52:36 - app.api.v1.routes.analysis - INFO - Loading dataset 9 for analysis...
2026-03-11 22:52:36 - app.services.data.parser_service - INFO - Parsed csv file: 200 rows, 10 columns
2026-03-11 22:52:36 - app.services.analysis.column_analyzer - INFO - Analyzing 10 columns from 200 rows...
2026-03-11 22:52:36 - app.services.analysis.column_analyzer - INFO - Detecting relationships with CustomPPS...
2026-03-11 22:52:38 - app.services.analysis.column_analyzer - INFO - Found 51 PPS relationships
2026-03-11 22:52:38 - app.services.analysis.column_analyzer - INFO - Found 7 correlations
2026-03-11 22:52:38 - app.services.analysis.column_analyzer - INFO - Analysis complete: 31 relationships found
2026-03-11 22:52:38 - sqlalchemy.engine.Engine - INFO - INSERT INTO column_analysis (dataset_id, metrics, dimensions, identifiers, temporal, geographic, other, relationships, dashboard_columns, primary_metric, analysis_method, confidence_score, total_relationships, updated_at) VALUES ($1::INTEGER, $2::JSON, $3::JSON, $4::JSON, $5::JSON, $6::JSON, $7::JSON, $8::JSON, $9::JSON, $10::VARCHAR, $11::VARCHAR, $12::FLOAT, $13::INTEGER, $14::TIMESTAMP WITH TIME ZONE) RETURNING column_analysis.id, column_analysis.created_at
2026-03-11 22:52:38 - sqlalchemy.engine.Engine - INFO - [generated in 0.00172s] (9, '[]', '["Department", "Education", "Attrition"]', '["EmployeeID"]', '["Age", "YearsAtCompany", "Salary", "PerformanceRating", "WorkLifeBalance", "JobSatisfaction"]', '[]', '[]', '[{"columns": ["Department", "Attrition"], "type": "predictive", "strength": 0.985, "direction": "Department \\u2192 Attrition", "method": "custom_pps ... (7797 characters truncated) ... th": 1.0, "direction": "EmployeeID \\u2192 Attrition", "insight": "Each EmployeeID belongs to exactly one Attrition", "chart_suggestion": "treemap"}]', '["Department", "Education", "Attrition", "Age"]', None, 'custom_pps', np.float64(0.99), 34, None)
2026-03-11 22:52:38 - sqlalchemy.engine.Engine - INFO - SELECT column_analysis.id, column_analysis.dataset_id, column_analysis.metrics, column_analysis.dimensions, column_analysis.identifiers, column_analysis.temporal, column_analysis.geographic, column_analysis.other, column_analysis.relationships, column_analysis.dashboard_columns, column_analysis.primary_metric, column_analysis.analysis_method, column_analysis.confidence_score, column_analysis.total_relationships, column_analysis.created_at, column_analysis.updated_at 
FROM column_analysis 
WHERE column_analysis.id = $1::INTEGER
2026-03-11 22:52:38 - sqlalchemy.engine.Engine - INFO - [generated in 0.00139s] (12,)
2026-03-11 22:52:38 - app.repositories.analysis_repository - INFO - Created analysis 12 for dataset 9
2026-03-11 22:52:38 - sqlalchemy.engine.Engine - INFO - COMMIT
2026-03-11 22:52:38 - app.api.v1.routes.analysis - INFO - Analysis saved for dataset 9: 34 relationships
2026-03-11 22:53:23 - sqlalchemy.engine.Engine - INFO - BEGIN (implicit)
2026-03-11 22:53:23 - sqlalchemy.engine.Engine - INFO - SELECT datasets.id, datasets.filename, datasets.original_filename, datasets.file_path, datasets.file_size, datasets.file_type, datasets.status, datasets.row_count, datasets.column_count, datasets.columns, datasets.column_types, datasets.summary_stats, datasets.created_at, datasets.updated_at 
FROM datasets 
WHERE datasets.id = $1::INTEGER
2026-03-11 22:53:23 - sqlalchemy.engine.Engine - INFO - [cached since 804.6s ago] (9,)
2026-03-11 22:53:23 - sqlalchemy.engine.Engine - INFO - SELECT cleaning_profiles.id, cleaning_profiles.name, cleaning_profiles.description, cleaning_profiles.handle_missing, cleaning_profiles.missing_fill_strategy, cleaning_profiles.missing_fill_value, cleaning_profiles.remove_duplicates, cleaning_profiles.duplicate_subset, cleaning_profiles.fix_data_types, cleaning_profiles.detect_outliers, cleaning_profiles.outlier_method, cleaning_profiles.outlier_threshold, cleaning_profiles.outlier_action, cleaning_profiles.strip_whitespace, cleaning_profiles.standardize_text, cleaning_profiles.standardize_dates, cleaning_profiles.date_format, cleaning_profiles.normalize_numeric, cleaning_profiles.normalization_method, cleaning_profiles.is_default, cleaning_profiles.created_at, cleaning_profiles.updated_at 
FROM cleaning_profiles 
WHERE cleaning_profiles.id = $1::INTEGER
2026-03-11 22:53:23 - sqlalchemy.engine.Engine - INFO - [generated in 0.00202s] (1,)
2026-03-11 22:53:23 - app.services.data.parser_service - INFO - Parsed csv file: 200 rows, 10 columns
2026-03-11 22:53:23 - app.services.data.cleaning_service - INFO - Handled 0 missing values using fill
2026-03-11 22:53:23 - app.services.data.cleaning_service - INFO - Removed 0 duplicate rows
2026-03-11 22:53:23 - app.services.data.cleaning_service - INFO - Fixed 0 column data types
2026-03-11 22:53:23 - app.services.data.cleaning_service - INFO - Detected 17 outliers using iqr method
2026-03-11 22:53:23 - sqlalchemy.engine.Engine - INFO - UPDATE datasets SET row_count=$1::INTEGER, column_count=$2::INTEGER, updated_at=now() WHERE datasets.id = $3::INTEGER
2026-03-11 22:53:23 - sqlalchemy.engine.Engine - INFO - [generated in 0.00086s] (200, 11, 9)
2026-03-11 22:53:23 - sqlalchemy.engine.Engine - INFO - COMMIT
2026-03-11 22:53:23 - sqlalchemy.engine.Engine - INFO - BEGIN (implicit)
2026-03-11 22:53:23 - sqlalchemy.engine.Engine - INFO - SELECT datasets.id, datasets.filename, datasets.original_filename, datasets.file_path, datasets.file_size, datasets.file_type, datasets.status, datasets.row_count, datasets.column_count, datasets.columns, datasets.column_types, datasets.summary_stats, datasets.created_at, datasets.updated_at 
FROM datasets 
WHERE datasets.id = $1::INTEGER
2026-03-11 22:53:23 - sqlalchemy.engine.Engine - INFO - [cached since 804.7s ago] (9,)
2026-03-11 22:53:23 - sqlalchemy.engine.Engine - INFO - INSERT INTO cleaning_logs (dataset_id, profile_id, operations_performed, rows_before, rows_after, duplicates_removed, missing_values_handled, outliers_detected, data_types_fixed, cleaning_report) VALUES ($1::INTEGER, $2::INTEGER, $3::JSON, $4::INTEGER, $5::INTEGER, $6::INTEGER, $7::INTEGER, $8::INTEGER, $9::INTEGER, $10::JSON) RETURNING cleaning_logs.id, cleaning_logs.created_at
2026-03-11 22:53:23 - sqlalchemy.engine.Engine - INFO - [generated in 0.00098s] (9, 1, '["missing_values", "duplicates", "data_types", "outliers", "text_cleaning", "date_standardization"]', 200, 200, 0, 0, 17, 0, '{"rows_before": 200, "operations": ["missing_values", "duplicates", "data_types", "outliers", "text_cleaning", "date_standardization"], "changes": {" ... (344 characters truncated) ...  {"JobSatisfaction": 17}, "total_outliers": 17}, "dates": {"date_columns": [], "format": null, "changes": {}}}, "rows_after": 200, "rows_removed": 0}')
2026-03-11 22:53:23 - sqlalchemy.engine.Engine - INFO - SELECT cleaning_logs.id, cleaning_logs.dataset_id, cleaning_logs.profile_id, cleaning_logs.operations_performed, cleaning_logs.rows_before, cleaning_logs.rows_after, cleaning_logs.duplicates_removed, cleaning_logs.missing_values_handled, cleaning_logs.outliers_detected, cleaning_logs.data_types_fixed, cleaning_logs.cleaning_report, cleaning_logs.created_at 
FROM cleaning_logs 
WHERE cleaning_logs.id = $1::INTEGER
2026-03-11 22:53:23 - sqlalchemy.engine.Engine - INFO - [generated in 0.00114s] (4,)
2026-03-11 22:53:23 - app.api.v1.routes.cleaning - INFO - Cleaned dataset 9, created log 4
2026-03-11 22:53:23 - sqlalchemy.engine.Engine - INFO - COMMIT
2026-03-11 22:53:26 - sqlalchemy.engine.Engine - INFO - BEGIN (implicit)
2026-03-11 22:53:26 - sqlalchemy.engine.Engine - INFO - SELECT datasets.id, datasets.filename, datasets.original_filename, datasets.file_path, datasets.file_size, datasets.file_type, datasets.status, datasets.row_count, datasets.column_count, datasets.columns, datasets.column_types, datasets.summary_stats, datasets.created_at, datasets.updated_at 
FROM datasets 
WHERE datasets.id = $1::INTEGER
2026-03-11 22:53:26 - sqlalchemy.engine.Engine - INFO - [cached since 807.5s ago] (9,)
2026-03-11 22:53:26 - sqlalchemy.engine.Engine - INFO - SELECT cleaning_profiles.id, cleaning_profiles.name, cleaning_profiles.description, cleaning_profiles.handle_missing, cleaning_profiles.missing_fill_strategy, cleaning_profiles.missing_fill_value, cleaning_profiles.remove_duplicates, cleaning_profiles.duplicate_subset, cleaning_profiles.fix_data_types, cleaning_profiles.detect_outliers, cleaning_profiles.outlier_method, cleaning_profiles.outlier_threshold, cleaning_profiles.outlier_action, cleaning_profiles.strip_whitespace, cleaning_profiles.standardize_text, cleaning_profiles.standardize_dates, cleaning_profiles.date_format, cleaning_profiles.normalize_numeric, cleaning_profiles.normalization_method, cleaning_profiles.is_default, cleaning_profiles.created_at, cleaning_profiles.updated_at 
FROM cleaning_profiles 
WHERE cleaning_profiles.id = $1::INTEGER
2026-03-11 22:53:26 - sqlalchemy.engine.Engine - INFO - [cached since 2.86s ago] (1,)
2026-03-11 22:53:26 - app.services.data.parser_service - INFO - Parsed csv file: 200 rows, 11 columns
2026-03-11 22:53:26 - app.services.data.cleaning_service - INFO - Handled 0 missing values using fill
2026-03-11 22:53:26 - app.services.data.cleaning_service - INFO - Removed 0 duplicate rows
2026-03-11 22:53:26 - app.services.data.cleaning_service - INFO - Fixed 0 column data types
2026-03-11 22:53:26 - app.services.data.cleaning_service - INFO - Detected 17 outliers using iqr method
2026-03-11 22:53:26 - sqlalchemy.engine.Engine - INFO - UPDATE datasets SET row_count=$1::INTEGER, column_count=$2::INTEGER, updated_at=now() WHERE datasets.id = $3::INTEGER
2026-03-11 22:53:26 - sqlalchemy.engine.Engine - INFO - [cached since 2.874s ago] (200, 11, 9)
2026-03-11 22:53:26 - sqlalchemy.engine.Engine - INFO - COMMIT
2026-03-11 22:53:26 - sqlalchemy.engine.Engine - INFO - BEGIN (implicit)
2026-03-11 22:53:26 - sqlalchemy.engine.Engine - INFO - SELECT datasets.id, datasets.filename, datasets.original_filename, datasets.file_path, datasets.file_size, datasets.file_type, datasets.status, datasets.row_count, datasets.column_count, datasets.columns, datasets.column_types, datasets.summary_stats, datasets.created_at, datasets.updated_at 
FROM datasets 
WHERE datasets.id = $1::INTEGER
2026-03-11 22:53:26 - sqlalchemy.engine.Engine - INFO - [cached since 807.6s ago] (9,)
2026-03-11 22:53:26 - sqlalchemy.engine.Engine - INFO - INSERT INTO cleaning_logs (dataset_id, profile_id, operations_performed, rows_before, rows_after, duplicates_removed, missing_values_handled, outliers_detected, data_types_fixed, cleaning_report) VALUES ($1::INTEGER, $2::INTEGER, $3::JSON, $4::INTEGER, $5::INTEGER, $6::INTEGER, $7::INTEGER, $8::INTEGER, $9::INTEGER, $10::JSON) RETURNING cleaning_logs.id, cleaning_logs.created_at
2026-03-11 22:53:26 - sqlalchemy.engine.Engine - INFO - [cached since 2.867s ago] (9, 1, '["missing_values", "duplicates", "data_types", "outliers", "text_cleaning", "date_standardization"]', 200, 200, 0, 0, 17, 0, '{"rows_before": 200, "operations": ["missing_values", "duplicates", "data_types", "outliers", "text_cleaning", "date_standardization"], "changes": {" ... (344 characters truncated) ...  {"JobSatisfaction": 17}, "total_outliers": 17}, "dates": {"date_columns": [], "format": null, "changes": {}}}, "rows_after": 200, "rows_removed": 0}')
2026-03-11 22:53:26 - sqlalchemy.engine.Engine - INFO - SELECT cleaning_logs.id, cleaning_logs.dataset_id, cleaning_logs.profile_id, cleaning_logs.operations_performed, cleaning_logs.rows_before, cleaning_logs.rows_after, cleaning_logs.duplicates_removed, cleaning_logs.missing_values_handled, cleaning_logs.outliers_detected, cleaning_logs.data_types_fixed, cleaning_logs.cleaning_report, cleaning_logs.created_at 
FROM cleaning_logs 
WHERE cleaning_logs.id = $1::INTEGER
2026-03-11 22:53:26 - sqlalchemy.engine.Engine - INFO - [cached since 2.858s ago] (5,)
2026-03-11 22:53:26 - app.api.v1.routes.cleaning - INFO - Cleaned dataset 9, created log 5
2026-03-11 22:53:26 - sqlalchemy.engine.Engine - INFO - COMMIT
2026-03-11 22:53:34 - sqlalchemy.engine.Engine - INFO - BEGIN (implicit)
2026-03-11 22:53:34 - sqlalchemy.engine.Engine - INFO - SELECT datasets.id, datasets.filename, datasets.original_filename, datasets.file_path, datasets.file_size, datasets.file_type, datasets.status, datasets.row_count, datasets.column_count, datasets.columns, datasets.column_types, datasets.summary_stats, datasets.created_at, datasets.updated_at 
FROM datasets 
WHERE datasets.id = $1::INTEGER
2026-03-11 22:53:34 - sqlalchemy.engine.Engine - INFO - [cached since 815.4s ago] (9,)
2026-03-11 22:53:34 - sqlalchemy.engine.Engine - INFO - SELECT column_analysis.id, column_analysis.dataset_id, column_analysis.metrics, column_analysis.dimensions, column_analysis.identifiers, column_analysis.temporal, column_analysis.geographic, column_analysis.other, column_analysis.relationships, column_analysis.dashboard_columns, column_analysis.primary_metric, column_analysis.analysis_method, column_analysis.confidence_score, column_analysis.total_relationships, column_analysis.created_at, column_analysis.updated_at 
FROM column_analysis 
WHERE column_analysis.dataset_id = $1::INTEGER ORDER BY column_analysis.created_at DESC
2026-03-11 22:53:34 - sqlalchemy.engine.Engine - INFO - [cached since 815.4s ago] (9,)
2026-03-11 22:53:34 - app.api.v1.routes.analysis - INFO - Returning existing analysis for dataset 9
2026-03-11 22:53:34 - sqlalchemy.engine.Engine - INFO - ROLLBACK
2026-03-11 22:56:52 - root - INFO - Shutting down...
2026-03-11 22:56:52 - app.core.database - INFO - Database connection closed
2026-03-11 22:56:52 - app.core.cache - INFO - Redis connection closed
2026-03-11 22:56:58 - root - INFO - Starting AI Data Analytics Service v1.0.0
2026-03-11 22:56:58 - root - INFO - Environment: development
2026-03-11 22:56:58 - sqlalchemy.engine.Engine - INFO - select pg_catalog.version()
2026-03-11 22:56:58 - sqlalchemy.engine.Engine - INFO - [raw sql] ()
2026-03-11 22:56:58 - sqlalchemy.engine.Engine - INFO - select current_schema()
2026-03-11 22:56:58 - sqlalchemy.engine.Engine - INFO - [raw sql] ()
2026-03-11 22:56:58 - sqlalchemy.engine.Engine - INFO - show standard_conforming_strings
2026-03-11 22:56:58 - sqlalchemy.engine.Engine - INFO - [raw sql] ()
2026-03-11 22:56:58 - sqlalchemy.engine.Engine - INFO - BEGIN (implicit)
2026-03-11 22:56:58 - sqlalchemy.engine.Engine - INFO - SELECT pg_catalog.pg_class.relname 
FROM pg_catalog.pg_class JOIN pg_catalog.pg_namespace ON pg_catalog.pg_namespace.oid = pg_catalog.pg_class.relnamespace 
WHERE pg_catalog.pg_class.relname = $1::VARCHAR AND pg_catalog.pg_class.relkind = ANY (ARRAY[$2::VARCHAR, $3::VARCHAR, $4::VARCHAR, $5::VARCHAR, $6::VARCHAR]) AND pg_catalog.pg_table_is_visible(pg_catalog.pg_class.oid) AND pg_catalog.pg_namespace.nspname != $7::VARCHAR
2026-03-11 22:56:58 - sqlalchemy.engine.Engine - INFO - [generated in 0.00116s] ('datasets', 'r', 'p', 'f', 'v', 'm', 'pg_catalog')
2026-03-11 22:56:58 - sqlalchemy.engine.Engine - INFO - SELECT pg_catalog.pg_class.relname 
FROM pg_catalog.pg_class JOIN pg_catalog.pg_namespace ON pg_catalog.pg_namespace.oid = pg_catalog.pg_class.relnamespace 
WHERE pg_catalog.pg_class.relname = $1::VARCHAR AND pg_catalog.pg_class.relkind = ANY (ARRAY[$2::VARCHAR, $3::VARCHAR, $4::VARCHAR, $5::VARCHAR, $6::VARCHAR]) AND pg_catalog.pg_table_is_visible(pg_catalog.pg_class.oid) AND pg_catalog.pg_namespace.nspname != $7::VARCHAR
2026-03-11 22:56:58 - sqlalchemy.engine.Engine - INFO - [cached since 0.009769s ago] ('column_analysis', 'r', 'p', 'f', 'v', 'm', 'pg_catalog')
2026-03-11 22:56:58 - sqlalchemy.engine.Engine - INFO - SELECT pg_catalog.pg_class.relname 
FROM pg_catalog.pg_class JOIN pg_catalog.pg_namespace ON pg_catalog.pg_namespace.oid = pg_catalog.pg_class.relnamespace 
WHERE pg_catalog.pg_class.relname = $1::VARCHAR AND pg_catalog.pg_class.relkind = ANY (ARRAY[$2::VARCHAR, $3::VARCHAR, $4::VARCHAR, $5::VARCHAR, $6::VARCHAR]) AND pg_catalog.pg_table_is_visible(pg_catalog.pg_class.oid) AND pg_catalog.pg_namespace.nspname != $7::VARCHAR
2026-03-11 22:56:58 - sqlalchemy.engine.Engine - INFO - [cached since 0.01223s ago] ('cleaning_profiles', 'r', 'p', 'f', 'v', 'm', 'pg_catalog')
2026-03-11 22:56:58 - sqlalchemy.engine.Engine - INFO - SELECT pg_catalog.pg_class.relname 
FROM pg_catalog.pg_class JOIN pg_catalog.pg_namespace ON pg_catalog.pg_namespace.oid = pg_catalog.pg_class.relnamespace 
WHERE pg_catalog.pg_class.relname = $1::VARCHAR AND pg_catalog.pg_class.relkind = ANY (ARRAY[$2::VARCHAR, $3::VARCHAR, $4::VARCHAR, $5::VARCHAR, $6::VARCHAR]) AND pg_catalog.pg_table_is_visible(pg_catalog.pg_class.oid) AND pg_catalog.pg_namespace.nspname != $7::VARCHAR
2026-03-11 22:56:58 - sqlalchemy.engine.Engine - INFO - [cached since 0.01533s ago] ('cleaning_logs', 'r', 'p', 'f', 'v', 'm', 'pg_catalog')
2026-03-11 22:56:58 - sqlalchemy.engine.Engine - INFO - SELECT pg_catalog.pg_type.typname 
FROM pg_catalog.pg_type JOIN pg_catalog.pg_namespace ON pg_catalog.pg_namespace.oid = pg_catalog.pg_type.typnamespace 
WHERE pg_catalog.pg_type.typname = $1::VARCHAR AND pg_catalog.pg_type_is_visible(pg_catalog.pg_type.oid) AND pg_catalog.pg_namespace.nspname != $2::VARCHAR
2026-03-11 22:56:58 - sqlalchemy.engine.Engine - INFO - [generated in 0.00111s] ('datasetstatus', 'pg_catalog')
2026-03-11 22:56:58 - sqlalchemy.engine.Engine - INFO - COMMIT
2026-03-11 22:56:58 - app.core.database - INFO - Database initialized
2026-03-11 22:56:58 - app.core.cache - INFO - Redis connected
2026-03-11 22:57:08 - sqlalchemy.engine.Engine - INFO - BEGIN (implicit)
2026-03-11 22:57:08 - sqlalchemy.engine.Engine - INFO - SELECT datasets.id, datasets.filename, datasets.original_filename, datasets.file_path, datasets.file_size, datasets.file_type, datasets.status, datasets.row_count, datasets.column_count, datasets.columns, datasets.column_types, datasets.summary_stats, datasets.created_at, datasets.updated_at 
FROM datasets 
WHERE datasets.id = $1::INTEGER
2026-03-11 22:57:08 - sqlalchemy.engine.Engine - INFO - [generated in 0.00145s] (9,)
2026-03-11 22:57:08 - sqlalchemy.engine.Engine - INFO - SELECT column_analysis.id, column_analysis.dataset_id, column_analysis.metrics, column_analysis.dimensions, column_analysis.identifiers, column_analysis.temporal, column_analysis.geographic, column_analysis.other, column_analysis.relationships, column_analysis.dashboard_columns, column_analysis.primary_metric, column_analysis.analysis_method, column_analysis.confidence_score, column_analysis.total_relationships, column_analysis.created_at, column_analysis.updated_at 
FROM column_analysis 
WHERE column_analysis.dataset_id = $1::INTEGER ORDER BY column_analysis.created_at DESC
2026-03-11 22:57:08 - sqlalchemy.engine.Engine - INFO - [generated in 0.00187s] (9,)
2026-03-11 22:57:08 - app.api.v1.routes.analysis - INFO - Returning existing analysis for dataset 9
2026-03-11 22:57:08 - sqlalchemy.engine.Engine - INFO - ROLLBACK
2026-03-11 22:57:44 - root - INFO - Shutting down...
2026-03-11 22:57:44 - app.core.database - INFO - Database connection closed
2026-03-11 22:57:44 - app.core.cache - INFO - Redis connection closed
2026-03-11 22:57:50 - root - INFO - Starting AI Data Analytics Service v1.0.0
2026-03-11 22:57:50 - root - INFO - Environment: development
2026-03-11 22:57:50 - sqlalchemy.engine.Engine - INFO - select pg_catalog.version()
2026-03-11 22:57:50 - sqlalchemy.engine.Engine - INFO - [raw sql] ()
2026-03-11 22:57:50 - sqlalchemy.engine.Engine - INFO - select current_schema()
2026-03-11 22:57:50 - sqlalchemy.engine.Engine - INFO - [raw sql] ()
2026-03-11 22:57:50 - sqlalchemy.engine.Engine - INFO - show standard_conforming_strings
2026-03-11 22:57:50 - sqlalchemy.engine.Engine - INFO - [raw sql] ()
2026-03-11 22:57:50 - sqlalchemy.engine.Engine - INFO - BEGIN (implicit)
2026-03-11 22:57:50 - sqlalchemy.engine.Engine - INFO - SELECT pg_catalog.pg_class.relname 
FROM pg_catalog.pg_class JOIN pg_catalog.pg_namespace ON pg_catalog.pg_namespace.oid = pg_catalog.pg_class.relnamespace 
WHERE pg_catalog.pg_class.relname = $1::VARCHAR AND pg_catalog.pg_class.relkind = ANY (ARRAY[$2::VARCHAR, $3::VARCHAR, $4::VARCHAR, $5::VARCHAR, $6::VARCHAR]) AND pg_catalog.pg_table_is_visible(pg_catalog.pg_class.oid) AND pg_catalog.pg_namespace.nspname != $7::VARCHAR
2026-03-11 22:57:50 - sqlalchemy.engine.Engine - INFO - [generated in 0.00103s] ('datasets', 'r', 'p', 'f', 'v', 'm', 'pg_catalog')
2026-03-11 22:57:50 - sqlalchemy.engine.Engine - INFO - SELECT pg_catalog.pg_class.relname 
FROM pg_catalog.pg_class JOIN pg_catalog.pg_namespace ON pg_catalog.pg_namespace.oid = pg_catalog.pg_class.relnamespace 
WHERE pg_catalog.pg_class.relname = $1::VARCHAR AND pg_catalog.pg_class.relkind = ANY (ARRAY[$2::VARCHAR, $3::VARCHAR, $4::VARCHAR, $5::VARCHAR, $6::VARCHAR]) AND pg_catalog.pg_table_is_visible(pg_catalog.pg_class.oid) AND pg_catalog.pg_namespace.nspname != $7::VARCHAR
2026-03-11 22:57:50 - sqlalchemy.engine.Engine - INFO - [cached since 0.01039s ago] ('column_analysis', 'r', 'p', 'f', 'v', 'm', 'pg_catalog')
2026-03-11 22:57:50 - sqlalchemy.engine.Engine - INFO - SELECT pg_catalog.pg_class.relname 
FROM pg_catalog.pg_class JOIN pg_catalog.pg_namespace ON pg_catalog.pg_namespace.oid = pg_catalog.pg_class.relnamespace 
WHERE pg_catalog.pg_class.relname = $1::VARCHAR AND pg_catalog.pg_class.relkind = ANY (ARRAY[$2::VARCHAR, $3::VARCHAR, $4::VARCHAR, $5::VARCHAR, $6::VARCHAR]) AND pg_catalog.pg_table_is_visible(pg_catalog.pg_class.oid) AND pg_catalog.pg_namespace.nspname != $7::VARCHAR
2026-03-11 22:57:50 - sqlalchemy.engine.Engine - INFO - [cached since 0.01346s ago] ('cleaning_profiles', 'r', 'p', 'f', 'v', 'm', 'pg_catalog')
2026-03-11 22:57:50 - sqlalchemy.engine.Engine - INFO - SELECT pg_catalog.pg_class.relname 
FROM pg_catalog.pg_class JOIN pg_catalog.pg_namespace ON pg_catalog.pg_namespace.oid = pg_catalog.pg_class.relnamespace 
WHERE pg_catalog.pg_class.relname = $1::VARCHAR AND pg_catalog.pg_class.relkind = ANY (ARRAY[$2::VARCHAR, $3::VARCHAR, $4::VARCHAR, $5::VARCHAR, $6::VARCHAR]) AND pg_catalog.pg_table_is_visible(pg_catalog.pg_class.oid) AND pg_catalog.pg_namespace.nspname != $7::VARCHAR
2026-03-11 22:57:50 - sqlalchemy.engine.Engine - INFO - [cached since 0.01619s ago] ('cleaning_logs', 'r', 'p', 'f', 'v', 'm', 'pg_catalog')
2026-03-11 22:57:50 - sqlalchemy.engine.Engine - INFO - SELECT pg_catalog.pg_type.typname 
FROM pg_catalog.pg_type JOIN pg_catalog.pg_namespace ON pg_catalog.pg_namespace.oid = pg_catalog.pg_type.typnamespace 
WHERE pg_catalog.pg_type.typname = $1::VARCHAR AND pg_catalog.pg_type_is_visible(pg_catalog.pg_type.oid) AND pg_catalog.pg_namespace.nspname != $2::VARCHAR
2026-03-11 22:57:50 - sqlalchemy.engine.Engine - INFO - [generated in 0.00112s] ('datasetstatus', 'pg_catalog')
2026-03-11 22:57:50 - sqlalchemy.engine.Engine - INFO - COMMIT
2026-03-11 22:57:50 - app.core.database - INFO - Database initialized
2026-03-11 22:57:50 - app.core.cache - INFO - Redis connected
2026-03-11 22:58:15 - sqlalchemy.engine.Engine - INFO - BEGIN (implicit)
2026-03-11 22:58:15 - sqlalchemy.engine.Engine - INFO - SELECT datasets.id, datasets.filename, datasets.original_filename, datasets.file_path, datasets.file_size, datasets.file_type, datasets.status, datasets.row_count, datasets.column_count, datasets.columns, datasets.column_types, datasets.summary_stats, datasets.created_at, datasets.updated_at 
FROM datasets 
WHERE datasets.id = $1::INTEGER
2026-03-11 22:58:15 - sqlalchemy.engine.Engine - INFO - [generated in 0.01307s] (9,)
2026-03-11 22:58:15 - sqlalchemy.engine.Engine - INFO - SELECT column_analysis.id, column_analysis.dataset_id, column_analysis.metrics, column_analysis.dimensions, column_analysis.identifiers, column_analysis.temporal, column_analysis.geographic, column_analysis.other, column_analysis.relationships, column_analysis.dashboard_columns, column_analysis.primary_metric, column_analysis.analysis_method, column_analysis.confidence_score, column_analysis.total_relationships, column_analysis.created_at, column_analysis.updated_at 
FROM column_analysis 
WHERE column_analysis.dataset_id = $1::INTEGER ORDER BY column_analysis.created_at DESC
2026-03-11 22:58:15 - sqlalchemy.engine.Engine - INFO - [generated in 0.00356s] (9,)
2026-03-11 22:58:15 - app.api.v1.routes.analysis - INFO - Returning existing analysis for dataset 9
2026-03-11 22:58:15 - sqlalchemy.engine.Engine - INFO - ROLLBACK
2026-03-11 22:58:27 - sqlalchemy.engine.Engine - INFO - BEGIN (implicit)
2026-03-11 22:58:27 - sqlalchemy.engine.Engine - INFO - SELECT datasets.id, datasets.filename, datasets.original_filename, datasets.file_path, datasets.file_size, datasets.file_type, datasets.status, datasets.row_count, datasets.column_count, datasets.columns, datasets.column_types, datasets.summary_stats, datasets.created_at, datasets.updated_at 
FROM datasets 
WHERE datasets.id = $1::INTEGER
2026-03-11 22:58:27 - sqlalchemy.engine.Engine - INFO - [cached since 11.5s ago] (9,)
2026-03-11 22:58:27 - sqlalchemy.engine.Engine - INFO - SELECT cleaning_profiles.id, cleaning_profiles.name, cleaning_profiles.description, cleaning_profiles.handle_missing, cleaning_profiles.missing_fill_strategy, cleaning_profiles.missing_fill_value, cleaning_profiles.remove_duplicates, cleaning_profiles.duplicate_subset, cleaning_profiles.fix_data_types, cleaning_profiles.detect_outliers, cleaning_profiles.outlier_method, cleaning_profiles.outlier_threshold, cleaning_profiles.outlier_action, cleaning_profiles.strip_whitespace, cleaning_profiles.standardize_text, cleaning_profiles.standardize_dates, cleaning_profiles.date_format, cleaning_profiles.normalize_numeric, cleaning_profiles.normalization_method, cleaning_profiles.is_default, cleaning_profiles.created_at, cleaning_profiles.updated_at 
FROM cleaning_profiles 
WHERE cleaning_profiles.id = $1::INTEGER
2026-03-11 22:58:27 - sqlalchemy.engine.Engine - INFO - [generated in 0.02643s] (1,)
2026-03-11 22:58:27 - app.services.data.parser_service - INFO - Parsed csv file: 200 rows, 11 columns
2026-03-11 22:58:27 - app.services.data.cleaning_service - INFO - Handled 0 missing values using fill
2026-03-11 22:58:27 - app.services.data.cleaning_service - INFO - Removed 0 duplicate rows
2026-03-11 22:58:27 - app.services.data.cleaning_service - INFO - Fixed 0 column data types
2026-03-11 22:58:27 - app.services.data.cleaning_service - INFO - Detected 17 outliers using iqr method
2026-03-11 22:58:27 - sqlalchemy.engine.Engine - INFO - UPDATE datasets SET row_count=$1::INTEGER, column_count=$2::INTEGER, updated_at=now() WHERE datasets.id = $3::INTEGER
2026-03-11 22:58:27 - sqlalchemy.engine.Engine - INFO - [generated in 0.00126s] (200, 11, 9)
2026-03-11 22:58:27 - sqlalchemy.engine.Engine - INFO - COMMIT
2026-03-11 22:58:27 - sqlalchemy.engine.Engine - INFO - BEGIN (implicit)
2026-03-11 22:58:27 - sqlalchemy.engine.Engine - INFO - SELECT datasets.id, datasets.filename, datasets.original_filename, datasets.file_path, datasets.file_size, datasets.file_type, datasets.status, datasets.row_count, datasets.column_count, datasets.columns, datasets.column_types, datasets.summary_stats, datasets.created_at, datasets.updated_at 
FROM datasets 
WHERE datasets.id = $1::INTEGER
2026-03-11 22:58:27 - sqlalchemy.engine.Engine - INFO - [cached since 11.62s ago] (9,)
2026-03-11 22:58:27 - sqlalchemy.engine.Engine - INFO - INSERT INTO cleaning_logs (dataset_id, profile_id, operations_performed, rows_before, rows_after, duplicates_removed, missing_values_handled, outliers_detected, data_types_fixed, cleaning_report) VALUES ($1::INTEGER, $2::INTEGER, $3::JSON, $4::INTEGER, $5::INTEGER, $6::INTEGER, $7::INTEGER, $8::INTEGER, $9::INTEGER, $10::JSON) RETURNING cleaning_logs.id, cleaning_logs.created_at
2026-03-11 22:58:27 - sqlalchemy.engine.Engine - INFO - [generated in 0.00097s] (9, 1, '["missing_values", "duplicates", "data_types", "outliers", "text_cleaning", "date_standardization"]', 200, 200, 0, 0, 17, 0, '{"rows_before": 200, "operations": ["missing_values", "duplicates", "data_types", "outliers", "text_cleaning", "date_standardization"], "changes": {" ... (344 characters truncated) ...  {"JobSatisfaction": 17}, "total_outliers": 17}, "dates": {"date_columns": [], "format": null, "changes": {}}}, "rows_after": 200, "rows_removed": 0}')
2026-03-11 22:58:27 - sqlalchemy.engine.Engine - INFO - SELECT cleaning_logs.id, cleaning_logs.dataset_id, cleaning_logs.profile_id, cleaning_logs.operations_performed, cleaning_logs.rows_before, cleaning_logs.rows_after, cleaning_logs.duplicates_removed, cleaning_logs.missing_values_handled, cleaning_logs.outliers_detected, cleaning_logs.data_types_fixed, cleaning_logs.cleaning_report, cleaning_logs.created_at 
FROM cleaning_logs 
WHERE cleaning_logs.id = $1::INTEGER
2026-03-11 22:58:27 - sqlalchemy.engine.Engine - INFO - [generated in 0.00170s] (6,)
2026-03-11 22:58:27 - app.api.v1.routes.cleaning - INFO - Cleaned dataset 9, created log 6
2026-03-11 22:58:27 - sqlalchemy.engine.Engine - INFO - COMMIT
2026-03-11 22:59:20 - root - INFO - Shutting down...
2026-03-11 22:59:20 - app.core.database - INFO - Database connection closed
2026-03-11 22:59:20 - app.core.cache - INFO - Redis connection closed
2026-03-11 22:59:25 - root - INFO - Starting AI Data Analytics Service v1.0.0
2026-03-11 22:59:25 - root - INFO - Environment: development
2026-03-11 22:59:25 - sqlalchemy.engine.Engine - INFO - select pg_catalog.version()
2026-03-11 22:59:25 - sqlalchemy.engine.Engine - INFO - [raw sql] ()
2026-03-11 22:59:25 - sqlalchemy.engine.Engine - INFO - select current_schema()
2026-03-11 22:59:25 - sqlalchemy.engine.Engine - INFO - [raw sql] ()
2026-03-11 22:59:25 - sqlalchemy.engine.Engine - INFO - show standard_conforming_strings
2026-03-11 22:59:25 - sqlalchemy.engine.Engine - INFO - [raw sql] ()
2026-03-11 22:59:25 - sqlalchemy.engine.Engine - INFO - BEGIN (implicit)
2026-03-11 22:59:25 - sqlalchemy.engine.Engine - INFO - SELECT pg_catalog.pg_class.relname 
FROM pg_catalog.pg_class JOIN pg_catalog.pg_namespace ON pg_catalog.pg_namespace.oid = pg_catalog.pg_class.relnamespace 
WHERE pg_catalog.pg_class.relname = $1::VARCHAR AND pg_catalog.pg_class.relkind = ANY (ARRAY[$2::VARCHAR, $3::VARCHAR, $4::VARCHAR, $5::VARCHAR, $6::VARCHAR]) AND pg_catalog.pg_table_is_visible(pg_catalog.pg_class.oid) AND pg_catalog.pg_namespace.nspname != $7::VARCHAR
2026-03-11 22:59:25 - sqlalchemy.engine.Engine - INFO - [generated in 0.00221s] ('datasets', 'r', 'p', 'f', 'v', 'm', 'pg_catalog')
2026-03-11 22:59:25 - sqlalchemy.engine.Engine - INFO - SELECT pg_catalog.pg_class.relname 
FROM pg_catalog.pg_class JOIN pg_catalog.pg_namespace ON pg_catalog.pg_namespace.oid = pg_catalog.pg_class.relnamespace 
WHERE pg_catalog.pg_class.relname = $1::VARCHAR AND pg_catalog.pg_class.relkind = ANY (ARRAY[$2::VARCHAR, $3::VARCHAR, $4::VARCHAR, $5::VARCHAR, $6::VARCHAR]) AND pg_catalog.pg_table_is_visible(pg_catalog.pg_class.oid) AND pg_catalog.pg_namespace.nspname != $7::VARCHAR
2026-03-11 22:59:25 - sqlalchemy.engine.Engine - INFO - [cached since 0.01433s ago] ('column_analysis', 'r', 'p', 'f', 'v', 'm', 'pg_catalog')
2026-03-11 22:59:25 - sqlalchemy.engine.Engine - INFO - SELECT pg_catalog.pg_class.relname 
FROM pg_catalog.pg_class JOIN pg_catalog.pg_namespace ON pg_catalog.pg_namespace.oid = pg_catalog.pg_class.relnamespace 
WHERE pg_catalog.pg_class.relname = $1::VARCHAR AND pg_catalog.pg_class.relkind = ANY (ARRAY[$2::VARCHAR, $3::VARCHAR, $4::VARCHAR, $5::VARCHAR, $6::VARCHAR]) AND pg_catalog.pg_table_is_visible(pg_catalog.pg_class.oid) AND pg_catalog.pg_namespace.nspname != $7::VARCHAR
2026-03-11 22:59:25 - sqlalchemy.engine.Engine - INFO - [cached since 0.01936s ago] ('cleaning_profiles', 'r', 'p', 'f', 'v', 'm', 'pg_catalog')
2026-03-11 22:59:25 - sqlalchemy.engine.Engine - INFO - SELECT pg_catalog.pg_class.relname 
FROM pg_catalog.pg_class JOIN pg_catalog.pg_namespace ON pg_catalog.pg_namespace.oid = pg_catalog.pg_class.relnamespace 
WHERE pg_catalog.pg_class.relname = $1::VARCHAR AND pg_catalog.pg_class.relkind = ANY (ARRAY[$2::VARCHAR, $3::VARCHAR, $4::VARCHAR, $5::VARCHAR, $6::VARCHAR]) AND pg_catalog.pg_table_is_visible(pg_catalog.pg_class.oid) AND pg_catalog.pg_namespace.nspname != $7::VARCHAR
2026-03-11 22:59:25 - sqlalchemy.engine.Engine - INFO - [cached since 0.02168s ago] ('cleaning_logs', 'r', 'p', 'f', 'v', 'm', 'pg_catalog')
2026-03-11 22:59:25 - sqlalchemy.engine.Engine - INFO - SELECT pg_catalog.pg_type.typname 
FROM pg_catalog.pg_type JOIN pg_catalog.pg_namespace ON pg_catalog.pg_namespace.oid = pg_catalog.pg_type.typnamespace 
WHERE pg_catalog.pg_type.typname = $1::VARCHAR AND pg_catalog.pg_type_is_visible(pg_catalog.pg_type.oid) AND pg_catalog.pg_namespace.nspname != $2::VARCHAR
2026-03-11 22:59:25 - sqlalchemy.engine.Engine - INFO - [generated in 0.00261s] ('datasetstatus', 'pg_catalog')
2026-03-11 22:59:25 - sqlalchemy.engine.Engine - INFO - COMMIT
2026-03-11 22:59:25 - app.core.database - INFO - Database initialized
2026-03-11 22:59:25 - app.core.cache - INFO - Redis connected
2026-03-11 23:00:50 - sqlalchemy.engine.Engine - INFO - BEGIN (implicit)
2026-03-11 23:00:50 - sqlalchemy.engine.Engine - INFO - SELECT datasets.id, datasets.filename, datasets.original_filename, datasets.file_path, datasets.file_size, datasets.file_type, datasets.status, datasets.row_count, datasets.column_count, datasets.columns, datasets.column_types, datasets.summary_stats, datasets.created_at, datasets.updated_at 
FROM datasets 
WHERE datasets.id = $1::INTEGER
2026-03-11 23:00:50 - sqlalchemy.engine.Engine - INFO - [generated in 0.00243s] (9,)
2026-03-11 23:00:50 - sqlalchemy.engine.Engine - INFO - SELECT column_analysis.id, column_analysis.dataset_id, column_analysis.metrics, column_analysis.dimensions, column_analysis.identifiers, column_analysis.temporal, column_analysis.geographic, column_analysis.other, column_analysis.relationships, column_analysis.dashboard_columns, column_analysis.primary_metric, column_analysis.analysis_method, column_analysis.confidence_score, column_analysis.total_relationships, column_analysis.created_at, column_analysis.updated_at 
FROM column_analysis 
WHERE column_analysis.dataset_id = $1::INTEGER ORDER BY column_analysis.created_at DESC
2026-03-11 23:00:50 - sqlalchemy.engine.Engine - INFO - [generated in 0.03747s] (9,)
2026-03-11 23:00:50 - app.api.v1.routes.analysis - INFO - Returning existing analysis for dataset 9
2026-03-11 23:00:50 - sqlalchemy.engine.Engine - INFO - COMMIT
2026-03-11 23:17:31 - sqlalchemy.engine.Engine - INFO - BEGIN (implicit)
2026-03-11 23:17:31 - sqlalchemy.engine.Engine - INFO - SELECT column_analysis.id, column_analysis.dataset_id, column_analysis.metrics, column_analysis.dimensions, column_analysis.identifiers, column_analysis.temporal, column_analysis.geographic, column_analysis.other, column_analysis.relationships, column_analysis.dashboard_columns, column_analysis.primary_metric, column_analysis.analysis_method, column_analysis.confidence_score, column_analysis.total_relationships, column_analysis.created_at, column_analysis.updated_at 
FROM column_analysis 
WHERE column_analysis.dataset_id = $1::INTEGER ORDER BY column_analysis.created_at DESC
2026-03-11 23:17:31 - sqlalchemy.engine.Engine - INFO - [cached since 1001s ago] (9,)
2026-03-11 23:17:31 - sqlalchemy.engine.Engine - INFO - COMMIT
2026-03-11 23:17:43 - sqlalchemy.engine.Engine - INFO - BEGIN (implicit)
2026-03-11 23:17:43 - sqlalchemy.engine.Engine - INFO - SELECT column_analysis.id, column_analysis.dataset_id, column_analysis.metrics, column_analysis.dimensions, column_analysis.identifiers, column_analysis.temporal, column_analysis.geographic, column_analysis.other, column_analysis.relationships, column_analysis.dashboard_columns, column_analysis.primary_metric, column_analysis.analysis_method, column_analysis.confidence_score, column_analysis.total_relationships, column_analysis.created_at, column_analysis.updated_at 
FROM column_analysis 
WHERE column_analysis.dataset_id = $1::INTEGER ORDER BY column_analysis.created_at DESC
2026-03-11 23:17:43 - sqlalchemy.engine.Engine - INFO - [cached since 1013s ago] (9,)
2026-03-11 23:17:43 - sqlalchemy.engine.Engine - INFO - COMMIT
2026-03-11 23:21:44 - sqlalchemy.engine.Engine - INFO - BEGIN (implicit)
2026-03-11 23:21:44 - sqlalchemy.engine.Engine - INFO - SELECT datasets.id, datasets.filename, datasets.original_filename, datasets.file_path, datasets.file_size, datasets.file_type, datasets.status, datasets.row_count, datasets.column_count, datasets.columns, datasets.column_types, datasets.summary_stats, datasets.created_at, datasets.updated_at 
FROM datasets ORDER BY datasets.created_at DESC 
 LIMIT $1::INTEGER OFFSET $2::INTEGER
2026-03-11 23:21:44 - sqlalchemy.engine.Engine - INFO - [generated in 0.00104s] (10, 0)
2026-03-11 23:21:44 - sqlalchemy.engine.Engine - INFO - SELECT count(datasets.id) AS count_1 
FROM datasets
2026-03-11 23:21:44 - sqlalchemy.engine.Engine - INFO - [generated in 0.00090s] ()
2026-03-11 23:21:44 - sqlalchemy.engine.Engine - INFO - COMMIT
2026-03-11 23:22:29 - sqlalchemy.engine.Engine - INFO - BEGIN (implicit)
2026-03-11 23:22:29 - sqlalchemy.engine.Engine - INFO - SELECT datasets.id, datasets.filename, datasets.original_filename, datasets.file_path, datasets.file_size, datasets.file_type, datasets.status, datasets.row_count, datasets.column_count, datasets.columns, datasets.column_types, datasets.summary_stats, datasets.created_at, datasets.updated_at 
FROM datasets 
WHERE datasets.id = $1::INTEGER
2026-03-11 23:22:29 - sqlalchemy.engine.Engine - INFO - [cached since 1299s ago] (8,)
2026-03-11 23:22:29 - sqlalchemy.engine.Engine - INFO - SELECT column_analysis.id, column_analysis.dataset_id, column_analysis.metrics, column_analysis.dimensions, column_analysis.identifiers, column_analysis.temporal, column_analysis.geographic, column_analysis.other, column_analysis.relationships, column_analysis.dashboard_columns, column_analysis.primary_metric, column_analysis.analysis_method, column_analysis.confidence_score, column_analysis.total_relationships, column_analysis.created_at, column_analysis.updated_at 
FROM column_analysis 
WHERE column_analysis.dataset_id = $1::INTEGER ORDER BY column_analysis.created_at DESC
2026-03-11 23:22:29 - sqlalchemy.engine.Engine - INFO - [cached since 1298s ago] (8,)
2026-03-11 23:22:29 - app.api.v1.routes.analysis - INFO - Returning existing analysis for dataset 8
2026-03-11 23:22:29 - sqlalchemy.engine.Engine - INFO - COMMIT
2026-03-11 23:25:48 - sqlalchemy.engine.Engine - INFO - BEGIN (implicit)
2026-03-11 23:25:48 - sqlalchemy.engine.Engine - INFO - SELECT column_analysis.id, column_analysis.dataset_id, column_analysis.metrics, column_analysis.dimensions, column_analysis.identifiers, column_analysis.temporal, column_analysis.geographic, column_analysis.other, column_analysis.relationships, column_analysis.dashboard_columns, column_analysis.primary_metric, column_analysis.analysis_method, column_analysis.confidence_score, column_analysis.total_relationships, column_analysis.created_at, column_analysis.updated_at 
FROM column_analysis 
WHERE column_analysis.dataset_id = $1::INTEGER ORDER BY column_analysis.created_at DESC
2026-03-11 23:25:48 - sqlalchemy.engine.Engine - INFO - [cached since 1497s ago] (9,)
2026-03-11 23:25:48 - sqlalchemy.engine.Engine - INFO - COMMIT
2026-03-11 23:25:55 - sqlalchemy.engine.Engine - INFO - BEGIN (implicit)
2026-03-11 23:25:55 - sqlalchemy.engine.Engine - INFO - SELECT column_analysis.id, column_analysis.dataset_id, column_analysis.metrics, column_analysis.dimensions, column_analysis.identifiers, column_analysis.temporal, column_analysis.geographic, column_analysis.other, column_analysis.relationships, column_analysis.dashboard_columns, column_analysis.primary_metric, column_analysis.analysis_method, column_analysis.confidence_score, column_analysis.total_relationships, column_analysis.created_at, column_analysis.updated_at 
FROM column_analysis 
WHERE column_analysis.dataset_id = $1::INTEGER ORDER BY column_analysis.created_at DESC
2026-03-11 23:25:55 - sqlalchemy.engine.Engine - INFO - [cached since 1505s ago] (8,)
2026-03-11 23:25:55 - sqlalchemy.engine.Engine - INFO - COMMIT
2026-03-11 23:26:10 - sqlalchemy.engine.Engine - INFO - BEGIN (implicit)
2026-03-11 23:26:10 - sqlalchemy.engine.Engine - INFO - DELETE FROM column_analysis WHERE column_analysis.dataset_id = $1::INTEGER
2026-03-11 23:26:10 - sqlalchemy.engine.Engine - INFO - [generated in 0.00061s] (8,)
2026-03-11 23:26:10 - sqlalchemy.engine.Engine - INFO - COMMIT
2026-03-11 23:26:10 - app.repositories.analysis_repository - INFO - Deleted analysis for dataset 8
2026-03-11 23:26:50 - sqlalchemy.engine.Engine - INFO - BEGIN (implicit)
2026-03-11 23:26:50 - sqlalchemy.engine.Engine - INFO - SELECT datasets.id, datasets.filename, datasets.original_filename, datasets.file_path, datasets.file_size, datasets.file_type, datasets.status, datasets.row_count, datasets.column_count, datasets.columns, datasets.column_types, datasets.summary_stats, datasets.created_at, datasets.updated_at 
FROM datasets 
WHERE datasets.id = $1::INTEGER
2026-03-11 23:26:50 - sqlalchemy.engine.Engine - INFO - [cached since 1559s ago] (8,)
2026-03-11 23:26:50 - sqlalchemy.engine.Engine - INFO - SELECT column_analysis.id, column_analysis.dataset_id, column_analysis.metrics, column_analysis.dimensions, column_analysis.identifiers, column_analysis.temporal, column_analysis.geographic, column_analysis.other, column_analysis.relationships, column_analysis.dashboard_columns, column_analysis.primary_metric, column_analysis.analysis_method, column_analysis.confidence_score, column_analysis.total_relationships, column_analysis.created_at, column_analysis.updated_at 
FROM column_analysis 
WHERE column_analysis.dataset_id = $1::INTEGER ORDER BY column_analysis.created_at DESC
2026-03-11 23:26:50 - sqlalchemy.engine.Engine - INFO - [cached since 1559s ago] (8,)
2026-03-11 23:26:50 - app.api.v1.routes.analysis - INFO - Loading dataset 8 for analysis...
2026-03-11 23:26:50 - app.services.data.parser_service - INFO - Parsed csv file: 2764 rows, 9 columns
2026-03-11 23:26:50 - app.services.analysis.column_analyzer - INFO - Analyzing 9 columns from 2764 rows...
2026-03-11 23:26:50 - app.services.analysis.column_analyzer - INFO - Detecting relationships with CustomPPS...
2026-03-11 23:26:52 - app.services.analysis.column_analyzer - INFO - Found 1 PPS relationships
2026-03-11 23:26:52 - app.services.analysis.column_analyzer - INFO - Found 0 correlations
2026-03-11 23:26:52 - app.services.analysis.column_analyzer - INFO - Analysis complete: 1 relationships found
2026-03-11 23:26:52 - sqlalchemy.engine.Engine - INFO - INSERT INTO column_analysis (dataset_id, metrics, dimensions, identifiers, temporal, geographic, other, relationships, dashboard_columns, primary_metric, analysis_method, confidence_score, total_relationships, updated_at) VALUES ($1::INTEGER, $2::JSON, $3::JSON, $4::JSON, $5::JSON, $6::JSON, $7::JSON, $8::JSON, $9::JSON, $10::VARCHAR, $11::VARCHAR, $12::FLOAT, $13::INTEGER, $14::TIMESTAMP WITH TIME ZONE) RETURNING column_analysis.id, column_analysis.created_at
2026-03-11 23:26:52 - sqlalchemy.engine.Engine - INFO - [generated in 0.00184s] (8, '[]', '["Education", "Gender", "EverBenched"]', '[]', '["JoiningYear", "PaymentTier", "Age", "ExperienceInCurrentDomain", "LeaveOrNot"]', '["City"]', '[]', '[{"columns": ["Age", "ExperienceInCurrentDomain"], "type": "predictive", "strength": 0.311, "direction": "Age \\u2192 ExperienceInCurrentDomain", "method": "custom_pps", "insight": "Age can predict ExperienceInCurrentDomain", "case": "numeric_to_numeric"}]', '["Education", "Gender", "EverBenched", "JoiningYear", "City"]', None, 'custom_pps', np.float64(0.52), 1, None)
2026-03-11 23:26:52 - sqlalchemy.engine.Engine - INFO - SELECT column_analysis.id, column_analysis.dataset_id, column_analysis.metrics, column_analysis.dimensions, column_analysis.identifiers, column_analysis.temporal, column_analysis.geographic, column_analysis.other, column_analysis.relationships, column_analysis.dashboard_columns, column_analysis.primary_metric, column_analysis.analysis_method, column_analysis.confidence_score, column_analysis.total_relationships, column_analysis.created_at, column_analysis.updated_at 
FROM column_analysis 
WHERE column_analysis.id = $1::INTEGER
2026-03-11 23:26:52 - sqlalchemy.engine.Engine - INFO - [generated in 0.00128s] (13,)
2026-03-11 23:26:52 - app.repositories.analysis_repository - INFO - Created analysis 13 for dataset 8
2026-03-11 23:26:52 - sqlalchemy.engine.Engine - INFO - COMMIT
2026-03-11 23:26:52 - app.api.v1.routes.analysis - INFO - Analysis saved for dataset 8: 1 relationships
2026-03-11 23:28:21 - sqlalchemy.engine.Engine - INFO - BEGIN (implicit)
2026-03-11 23:28:21 - sqlalchemy.engine.Engine - INFO - SELECT datasets.id, datasets.filename, datasets.original_filename, datasets.file_path, datasets.file_size, datasets.file_type, datasets.status, datasets.row_count, datasets.column_count, datasets.columns, datasets.column_types, datasets.summary_stats, datasets.created_at, datasets.updated_at 
FROM datasets 
WHERE datasets.id = $1::INTEGER
2026-03-11 23:28:21 - sqlalchemy.engine.Engine - INFO - [cached since 1651s ago] (7,)
2026-03-11 23:28:21 - sqlalchemy.engine.Engine - INFO - SELECT column_analysis.id, column_analysis.dataset_id, column_analysis.metrics, column_analysis.dimensions, column_analysis.identifiers, column_analysis.temporal, column_analysis.geographic, column_analysis.other, column_analysis.relationships, column_analysis.dashboard_columns, column_analysis.primary_metric, column_analysis.analysis_method, column_analysis.confidence_score, column_analysis.total_relationships, column_analysis.created_at, column_analysis.updated_at 
FROM column_analysis 
WHERE column_analysis.dataset_id = $1::INTEGER ORDER BY column_analysis.created_at DESC
2026-03-11 23:28:21 - sqlalchemy.engine.Engine - INFO - [cached since 1651s ago] (7,)
2026-03-11 23:28:21 - app.api.v1.routes.analysis - INFO - Returning existing analysis for dataset 7
2026-03-11 23:28:21 - sqlalchemy.engine.Engine - INFO - COMMIT
2026-03-11 23:34:37 - sqlalchemy.engine.Engine - INFO - BEGIN (implicit)
2026-03-11 23:34:37 - sqlalchemy.engine.Engine - INFO - SELECT datasets.id, datasets.filename, datasets.original_filename, datasets.file_path, datasets.file_size, datasets.file_type, datasets.status, datasets.row_count, datasets.column_count, datasets.columns, datasets.column_types, datasets.summary_stats, datasets.created_at, datasets.updated_at 
FROM datasets 
WHERE datasets.id = $1::INTEGER
2026-03-11 23:34:37 - sqlalchemy.engine.Engine - INFO - [cached since 2027s ago] (4,)
2026-03-11 23:34:37 - sqlalchemy.engine.Engine - INFO - SELECT column_analysis.id, column_analysis.dataset_id, column_analysis.metrics, column_analysis.dimensions, column_analysis.identifiers, column_analysis.temporal, column_analysis.geographic, column_analysis.other, column_analysis.relationships, column_analysis.dashboard_columns, column_analysis.primary_metric, column_analysis.analysis_method, column_analysis.confidence_score, column_analysis.total_relationships, column_analysis.created_at, column_analysis.updated_at 
FROM column_analysis 
WHERE column_analysis.dataset_id = $1::INTEGER ORDER BY column_analysis.created_at DESC
2026-03-11 23:34:37 - sqlalchemy.engine.Engine - INFO - [cached since 2027s ago] (4,)
2026-03-11 23:34:37 - app.api.v1.routes.analysis - INFO - Returning existing analysis for dataset 4
2026-03-11 23:34:37 - sqlalchemy.engine.Engine - INFO - COMMIT
2026-03-11 23:45:19 - app.services.data.ingestion_service - INFO - File saved: 59e7ac3f-557e-4e9d-a38b-a9348c92141b.csv (876226 bytes)
2026-03-11 23:45:19 - sqlalchemy.engine.Engine - INFO - BEGIN (implicit)
2026-03-11 23:45:19 - sqlalchemy.engine.Engine - INFO - INSERT INTO datasets (filename, original_filename, file_path, file_size, file_type, status, row_count, column_count, updated_at) VALUES ($1::VARCHAR, $2::VARCHAR, $3::VARCHAR, $4::BIGINT, $5::VARCHAR, $6::datasetstatus, $7::INTEGER, $8::INTEGER, $9::TIMESTAMP WITH TIME ZONE) RETURNING datasets.id, datasets.created_at
2026-03-11 23:45:19 - sqlalchemy.engine.Engine - INFO - [generated in 0.00125s] ('59e7ac3f-557e-4e9d-a38b-a9348c92141b.csv', 'customers.csv', 'uploads\\59e7ac3f-557e-4e9d-a38b-a9348c92141b.csv', 876226, 'csv', 'UPLOADED', None, None, None)
2026-03-11 23:45:19 - sqlalchemy.engine.Engine - INFO - SELECT datasets.id, datasets.filename, datasets.original_filename, datasets.file_path, datasets.file_size, datasets.file_type, datasets.status, datasets.row_count, datasets.column_count, datasets.columns, datasets.column_types, datasets.summary_stats, datasets.created_at, datasets.updated_at 
FROM datasets 
WHERE datasets.id = $1::INTEGER
2026-03-11 23:45:19 - sqlalchemy.engine.Engine - INFO - [generated in 0.00163s] (10,)
2026-03-11 23:45:19 - app.repositories.dataset_repository - INFO - Created dataset: 10
2026-03-11 23:45:19 - app.api.v1.routes.upload - INFO - File uploaded: customers.csv -> Dataset ID: 10
2026-03-11 23:45:19 - sqlalchemy.engine.Engine - INFO - BEGIN (implicit)
2026-03-11 23:45:19 - sqlalchemy.engine.Engine - INFO - UPDATE datasets SET status=$1::datasetstatus, updated_at=now() WHERE datasets.id = $2::INTEGER
2026-03-11 23:45:19 - sqlalchemy.engine.Engine - INFO - [generated in 0.00070s] ('PROCESSING', 10)
2026-03-11 23:45:19 - sqlalchemy.engine.Engine - INFO - COMMIT
2026-03-11 23:45:19 - sqlalchemy.engine.Engine - INFO - BEGIN (implicit)
2026-03-11 23:45:19 - sqlalchemy.engine.Engine - INFO - SELECT datasets.id, datasets.filename, datasets.original_filename, datasets.file_path, datasets.file_size, datasets.file_type, datasets.status, datasets.row_count, datasets.column_count, datasets.columns, datasets.column_types, datasets.summary_stats, datasets.created_at, datasets.updated_at 
FROM datasets 
WHERE datasets.id = $1::INTEGER
2026-03-11 23:45:19 - sqlalchemy.engine.Engine - INFO - [cached since 2668s ago] (10,)
2026-03-11 23:45:19 - app.services.data.parser_service - INFO - Parsed csv file: 10000 rows, 6 columns
2026-03-11 23:45:19 - sqlalchemy.engine.Engine - INFO - UPDATE datasets SET status=$1::datasetstatus, row_count=$2::INTEGER, column_count=$3::INTEGER, columns=$4::JSON, column_types=$5::JSON, summary_stats=$6::JSON, updated_at=now() WHERE datasets.id = $7::INTEGER
2026-03-11 23:45:19 - sqlalchemy.engine.Engine - INFO - [generated in 0.00146s] ('PROCESSED', 10000, 6, '["customer_id", "first_name", "last_name", "address", "email", "phone_number"]', '{"customer_id": "int64", "first_name": "object", "last_name": "object", "address": "object", "email": "object", "phone_number": "object"}', '{"customer_id": {"count": 10000.0, "mean": 5000.5, "std": 2886.8956799071675, "min": 1.0, "25%": 2500.75, "50%": 5000.5, "75%": 7500.25, "max": 10000.0}}', 10)
2026-03-11 23:45:19 - sqlalchemy.engine.Engine - INFO - COMMIT
2026-03-11 23:45:19 - sqlalchemy.engine.Engine - INFO - BEGIN (implicit)
2026-03-11 23:45:19 - sqlalchemy.engine.Engine - INFO - SELECT datasets.id, datasets.filename, datasets.original_filename, datasets.file_path, datasets.file_size, datasets.file_type, datasets.status, datasets.row_count, datasets.column_count, datasets.columns, datasets.column_types, datasets.summary_stats, datasets.created_at, datasets.updated_at 
FROM datasets 
WHERE datasets.id = $1::INTEGER
2026-03-11 23:45:19 - sqlalchemy.engine.Engine - INFO - [cached since 2669s ago] (10,)
2026-03-11 23:45:19 - sqlalchemy.engine.Engine - INFO - COMMIT
2026-03-11 23:45:19 - app.api.v1.routes.upload - INFO - Dataset 10 processed successfully
2026-03-11 23:45:19 - app.api.v1.routes.upload - INFO - Starting auto-analysis for dataset 10...
2026-03-11 23:45:19 - app.services.analysis.column_analyzer - INFO - Analyzing 6 columns from 10000 rows...
2026-03-11 23:45:19 - app.services.analysis.column_analyzer - INFO - Detecting relationships with CustomPPS...
2026-03-11 23:45:19 - app.services.analysis.custom_pps - INFO - Sampled 5000 rows from 10000 for PPS analysis
2026-03-11 23:45:20 - app.services.analysis.column_analyzer - INFO - Found 3 PPS relationships
2026-03-11 23:45:20 - app.services.analysis.column_analyzer - INFO - Analysis complete: 2 relationships found
2026-03-11 23:45:20 - sqlalchemy.engine.Engine - INFO - BEGIN (implicit)
2026-03-11 23:45:20 - sqlalchemy.engine.Engine - INFO - INSERT INTO column_analysis (dataset_id, metrics, dimensions, identifiers, temporal, geographic, other, relationships, dashboard_columns, primary_metric, analysis_method, confidence_score, total_relationships, updated_at) VALUES ($1::INTEGER, $2::JSON, $3::JSON, $4::JSON, $5::JSON, $6::JSON, $7::JSON, $8::JSON, $9::JSON, $10::VARCHAR, $11::VARCHAR, $12::FLOAT, $13::INTEGER, $14::TIMESTAMP WITH TIME ZONE) RETURNING column_analysis.id, column_analysis.created_at
2026-03-11 23:45:20 - sqlalchemy.engine.Engine - INFO - [generated in 0.00134s] (10, '[]', '["first_name", "last_name"]', '["customer_id"]', '[]', '["address"]', '["email", "phone_number"]', '[{"columns": ["customer_id", "first_name"], "type": "predictive", "strength": 0.999, "direction": "customer_id \\u2192 first_name", "method": "custom ... (162 characters truncated) ... 0.704, "direction": "email \\u2192 first_name", "method": "custom_pps", "insight": "email can predict first_name", "case": "numeric_to_categorical"}]', '["first_name", "last_name", "address"]', None, 'custom_pps', np.float64(0.9), 2, None)
2026-03-11 23:45:20 - sqlalchemy.engine.Engine - INFO - ROLLBACK
2026-03-11 23:45:20 - app.api.v1.routes.upload - ERROR - Auto-analysis failed for dataset 10: (sqlalchemy.dialects.postgresql.asyncpg.IntegrityError) <class 'asyncpg.exceptions.ForeignKeyViolationError'>: une instruction insert ou update sur la table « column_analysis » viole la contrainte de clé
étrangère « column_analysis_dataset_id_fkey »
DETAIL:  La clé (dataset_id)=(10) n'est pas présente dans la table « datasets ».
[SQL: INSERT INTO column_analysis (dataset_id, metrics, dimensions, identifiers, temporal, geographic, other, relationships, dashboard_columns, primary_metric, analysis_method, confidence_score, total_relationships, updated_at) VALUES ($1::INTEGER, $2::JSON, $3::JSON, $4::JSON, $5::JSON, $6::JSON, $7::JSON, $8::JSON, $9::JSON, $10::VARCHAR, $11::VARCHAR, $12::FLOAT, $13::INTEGER, $14::TIMESTAMP WITH TIME ZONE) RETURNING column_analysis.id, column_analysis.created_at]
[parameters: (10, '[]', '["first_name", "last_name"]', '["customer_id"]', '[]', '["address"]', '["email", "phone_number"]', '[{"columns": ["customer_id", "first_name"], "type": "predictive", "strength": 0.999, "direction": "customer_id \\u2192 first_name", "method": "custom ... (162 characters truncated) ... 0.704, "direction": "email \\u2192 first_name", "method": "custom_pps", "insight": "email can predict first_name", "case": "numeric_to_categorical"}]', '["first_name", "last_name", "address"]', None, 'custom_pps', np.float64(0.9), 2, None)]
(Background on this error at: https://sqlalche.me/e/20/gkpj)
2026-03-11 23:45:20 - sqlalchemy.engine.Engine - INFO - COMMIT
2026-03-11 23:45:39 - sqlalchemy.engine.Engine - INFO - BEGIN (implicit)
2026-03-11 23:45:39 - sqlalchemy.engine.Engine - INFO - SELECT datasets.id, datasets.filename, datasets.original_filename, datasets.file_path, datasets.file_size, datasets.file_type, datasets.status, datasets.row_count, datasets.column_count, datasets.columns, datasets.column_types, datasets.summary_stats, datasets.created_at, datasets.updated_at 
FROM datasets 
WHERE datasets.id = $1::INTEGER
2026-03-11 23:45:39 - sqlalchemy.engine.Engine - INFO - [cached since 2689s ago] (10,)
2026-03-11 23:45:39 - sqlalchemy.engine.Engine - INFO - SELECT column_analysis.id, column_analysis.dataset_id, column_analysis.metrics, column_analysis.dimensions, column_analysis.identifiers, column_analysis.temporal, column_analysis.geographic, column_analysis.other, column_analysis.relationships, column_analysis.dashboard_columns, column_analysis.primary_metric, column_analysis.analysis_method, column_analysis.confidence_score, column_analysis.total_relationships, column_analysis.created_at, column_analysis.updated_at 
FROM column_analysis 
WHERE column_analysis.dataset_id = $1::INTEGER ORDER BY column_analysis.created_at DESC
2026-03-11 23:45:39 - sqlalchemy.engine.Engine - INFO - [cached since 2689s ago] (10,)
2026-03-11 23:45:39 - app.api.v1.routes.analysis - INFO - Loading dataset 10 for analysis...
2026-03-11 23:45:39 - app.services.data.parser_service - INFO - Parsed csv file: 10000 rows, 6 columns
2026-03-11 23:45:39 - app.services.analysis.column_analyzer - INFO - Analyzing 6 columns from 10000 rows...
2026-03-11 23:45:39 - app.services.analysis.column_analyzer - INFO - Detecting relationships with CustomPPS...
2026-03-11 23:45:39 - app.services.analysis.custom_pps - INFO - Sampled 5000 rows from 10000 for PPS analysis
2026-03-11 23:45:41 - app.services.analysis.column_analyzer - INFO - Found 3 PPS relationships
2026-03-11 23:45:41 - app.services.analysis.column_analyzer - INFO - Analysis complete: 2 relationships found
2026-03-11 23:45:41 - sqlalchemy.engine.Engine - INFO - INSERT INTO column_analysis (dataset_id, metrics, dimensions, identifiers, temporal, geographic, other, relationships, dashboard_columns, primary_metric, analysis_method, confidence_score, total_relationships, updated_at) VALUES ($1::INTEGER, $2::JSON, $3::JSON, $4::JSON, $5::JSON, $6::JSON, $7::JSON, $8::JSON, $9::JSON, $10::VARCHAR, $11::VARCHAR, $12::FLOAT, $13::INTEGER, $14::TIMESTAMP WITH TIME ZONE) RETURNING column_analysis.id, column_analysis.created_at
2026-03-11 23:45:41 - sqlalchemy.engine.Engine - INFO - [cached since 1129s ago] (10, '[]', '["first_name", "last_name"]', '["customer_id"]', '[]', '["address"]', '["email", "phone_number"]', '[{"columns": ["customer_id", "first_name"], "type": "predictive", "strength": 0.999, "direction": "customer_id \\u2192 first_name", "method": "custom ... (407 characters truncated) ... l \\u2192 phone_number", "insight": "Each email belongs to exactly one phone_number", "chart_suggestion": "treemap", "method": "hierarchy_detector"}]', '["first_name", "last_name", "address"]', None, 'custom_pps', np.float64(0.9), 3, None)
2026-03-11 23:45:41 - sqlalchemy.engine.Engine - INFO - SELECT column_analysis.id, column_analysis.dataset_id, column_analysis.metrics, column_analysis.dimensions, column_analysis.identifiers, column_analysis.temporal, column_analysis.geographic, column_analysis.other, column_analysis.relationships, column_analysis.dashboard_columns, column_analysis.primary_metric, column_analysis.analysis_method, column_analysis.confidence_score, column_analysis.total_relationships, column_analysis.created_at, column_analysis.updated_at 
FROM column_analysis 
WHERE column_analysis.id = $1::INTEGER
2026-03-11 23:45:41 - sqlalchemy.engine.Engine - INFO - [cached since 1129s ago] (15,)
2026-03-11 23:45:41 - app.repositories.analysis_repository - INFO - Created analysis 15 for dataset 10
2026-03-11 23:45:41 - sqlalchemy.engine.Engine - INFO - COMMIT
2026-03-11 23:45:41 - app.api.v1.routes.analysis - INFO - Analysis saved for dataset 10: 3 relationships
2026-03-12 00:11:13 - sqlalchemy.engine.Engine - INFO - BEGIN (implicit)
2026-03-12 00:11:13 - sqlalchemy.engine.Engine - INFO - SELECT column_analysis.id, column_analysis.dataset_id, column_analysis.metrics, column_analysis.dimensions, column_analysis.identifiers, column_analysis.temporal, column_analysis.geographic, column_analysis.other, column_analysis.relationships, column_analysis.dashboard_columns, column_analysis.primary_metric, column_analysis.analysis_method, column_analysis.confidence_score, column_analysis.total_relationships, column_analysis.created_at, column_analysis.updated_at 
FROM column_analysis 
WHERE column_analysis.dataset_id = $1::INTEGER ORDER BY column_analysis.created_at DESC
2026-03-12 00:11:13 - sqlalchemy.engine.Engine - INFO - [cached since 4223s ago] (10,)
2026-03-12 00:11:13 - sqlalchemy.engine.Engine - INFO - COMMIT
2026-03-12 23:01:55 - root - INFO - Starting AI Data Analytics Service v1.0.0
2026-03-12 23:01:55 - root - INFO - Environment: development
2026-03-12 23:01:55 - sqlalchemy.engine.Engine - INFO - select pg_catalog.version()
2026-03-12 23:01:55 - sqlalchemy.engine.Engine - INFO - [raw sql] ()
2026-03-12 23:01:55 - sqlalchemy.engine.Engine - INFO - select current_schema()
2026-03-12 23:01:55 - sqlalchemy.engine.Engine - INFO - [raw sql] ()
2026-03-12 23:01:55 - sqlalchemy.engine.Engine - INFO - show standard_conforming_strings
2026-03-12 23:01:55 - sqlalchemy.engine.Engine - INFO - [raw sql] ()
2026-03-12 23:01:55 - sqlalchemy.engine.Engine - INFO - BEGIN (implicit)
2026-03-12 23:01:55 - sqlalchemy.engine.Engine - INFO - SELECT pg_catalog.pg_class.relname 
FROM pg_catalog.pg_class JOIN pg_catalog.pg_namespace ON pg_catalog.pg_namespace.oid = pg_catalog.pg_class.relnamespace 
WHERE pg_catalog.pg_class.relname = $1::VARCHAR AND pg_catalog.pg_class.relkind = ANY (ARRAY[$2::VARCHAR, $3::VARCHAR, $4::VARCHAR, $5::VARCHAR, $6::VARCHAR]) AND pg_catalog.pg_table_is_visible(pg_catalog.pg_class.oid) AND pg_catalog.pg_namespace.nspname != $7::VARCHAR
2026-03-12 23:01:55 - sqlalchemy.engine.Engine - INFO - [generated in 0.00130s] ('datasets', 'r', 'p', 'f', 'v', 'm', 'pg_catalog')
2026-03-12 23:01:55 - sqlalchemy.engine.Engine - INFO - SELECT pg_catalog.pg_class.relname 
FROM pg_catalog.pg_class JOIN pg_catalog.pg_namespace ON pg_catalog.pg_namespace.oid = pg_catalog.pg_class.relnamespace 
WHERE pg_catalog.pg_class.relname = $1::VARCHAR AND pg_catalog.pg_class.relkind = ANY (ARRAY[$2::VARCHAR, $3::VARCHAR, $4::VARCHAR, $5::VARCHAR, $6::VARCHAR]) AND pg_catalog.pg_table_is_visible(pg_catalog.pg_class.oid) AND pg_catalog.pg_namespace.nspname != $7::VARCHAR
2026-03-12 23:01:55 - sqlalchemy.engine.Engine - INFO - [cached since 0.05182s ago] ('column_analysis', 'r', 'p', 'f', 'v', 'm', 'pg_catalog')
2026-03-12 23:01:55 - sqlalchemy.engine.Engine - INFO - SELECT pg_catalog.pg_class.relname 
FROM pg_catalog.pg_class JOIN pg_catalog.pg_namespace ON pg_catalog.pg_namespace.oid = pg_catalog.pg_class.relnamespace 
WHERE pg_catalog.pg_class.relname = $1::VARCHAR AND pg_catalog.pg_class.relkind = ANY (ARRAY[$2::VARCHAR, $3::VARCHAR, $4::VARCHAR, $5::VARCHAR, $6::VARCHAR]) AND pg_catalog.pg_table_is_visible(pg_catalog.pg_class.oid) AND pg_catalog.pg_namespace.nspname != $7::VARCHAR
2026-03-12 23:01:55 - sqlalchemy.engine.Engine - INFO - [cached since 0.05513s ago] ('cleaning_profiles', 'r', 'p', 'f', 'v', 'm', 'pg_catalog')
2026-03-12 23:01:55 - sqlalchemy.engine.Engine - INFO - SELECT pg_catalog.pg_class.relname 
FROM pg_catalog.pg_class JOIN pg_catalog.pg_namespace ON pg_catalog.pg_namespace.oid = pg_catalog.pg_class.relnamespace 
WHERE pg_catalog.pg_class.relname = $1::VARCHAR AND pg_catalog.pg_class.relkind = ANY (ARRAY[$2::VARCHAR, $3::VARCHAR, $4::VARCHAR, $5::VARCHAR, $6::VARCHAR]) AND pg_catalog.pg_table_is_visible(pg_catalog.pg_class.oid) AND pg_catalog.pg_namespace.nspname != $7::VARCHAR
2026-03-12 23:01:55 - sqlalchemy.engine.Engine - INFO - [cached since 0.05853s ago] ('cleaning_logs', 'r', 'p', 'f', 'v', 'm', 'pg_catalog')
2026-03-12 23:01:55 - sqlalchemy.engine.Engine - INFO - SELECT pg_catalog.pg_type.typname 
FROM pg_catalog.pg_type JOIN pg_catalog.pg_namespace ON pg_catalog.pg_namespace.oid = pg_catalog.pg_type.typnamespace 
WHERE pg_catalog.pg_type.typname = $1::VARCHAR AND pg_catalog.pg_type_is_visible(pg_catalog.pg_type.oid) AND pg_catalog.pg_namespace.nspname != $2::VARCHAR
2026-03-12 23:01:55 - sqlalchemy.engine.Engine - INFO - [generated in 0.00100s] ('datasetstatus', 'pg_catalog')
2026-03-12 23:01:55 - sqlalchemy.engine.Engine - INFO - COMMIT
2026-03-12 23:01:55 - app.core.database - INFO - Database initialized
2026-03-12 23:01:55 - app.core.cache - INFO - Redis connected
2026-03-12 23:02:22 - root - INFO - Shutting down...
2026-03-12 23:02:22 - app.core.database - INFO - Database connection closed
2026-03-12 23:02:22 - app.core.cache - INFO - Redis connection closed
2026-03-12 23:02:25 - root - INFO - Starting AI Data Analytics Service v1.0.0
2026-03-12 23:02:25 - root - INFO - Environment: development
2026-03-12 23:02:25 - sqlalchemy.engine.Engine - INFO - select pg_catalog.version()
2026-03-12 23:02:25 - sqlalchemy.engine.Engine - INFO - [raw sql] ()
2026-03-12 23:02:25 - sqlalchemy.engine.Engine - INFO - select current_schema()
2026-03-12 23:02:25 - sqlalchemy.engine.Engine - INFO - [raw sql] ()
2026-03-12 23:02:25 - sqlalchemy.engine.Engine - INFO - show standard_conforming_strings
2026-03-12 23:02:25 - sqlalchemy.engine.Engine - INFO - [raw sql] ()
2026-03-12 23:02:25 - sqlalchemy.engine.Engine - INFO - BEGIN (implicit)
2026-03-12 23:02:25 - sqlalchemy.engine.Engine - INFO - SELECT pg_catalog.pg_class.relname 
FROM pg_catalog.pg_class JOIN pg_catalog.pg_namespace ON pg_catalog.pg_namespace.oid = pg_catalog.pg_class.relnamespace 
WHERE pg_catalog.pg_class.relname = $1::VARCHAR AND pg_catalog.pg_class.relkind = ANY (ARRAY[$2::VARCHAR, $3::VARCHAR, $4::VARCHAR, $5::VARCHAR, $6::VARCHAR]) AND pg_catalog.pg_table_is_visible(pg_catalog.pg_class.oid) AND pg_catalog.pg_namespace.nspname != $7::VARCHAR
2026-03-12 23:02:25 - sqlalchemy.engine.Engine - INFO - [generated in 0.00108s] ('datasets', 'r', 'p', 'f', 'v', 'm', 'pg_catalog')
2026-03-12 23:02:25 - sqlalchemy.engine.Engine - INFO - SELECT pg_catalog.pg_class.relname 
FROM pg_catalog.pg_class JOIN pg_catalog.pg_namespace ON pg_catalog.pg_namespace.oid = pg_catalog.pg_class.relnamespace 
WHERE pg_catalog.pg_class.relname = $1::VARCHAR AND pg_catalog.pg_class.relkind = ANY (ARRAY[$2::VARCHAR, $3::VARCHAR, $4::VARCHAR, $5::VARCHAR, $6::VARCHAR]) AND pg_catalog.pg_table_is_visible(pg_catalog.pg_class.oid) AND pg_catalog.pg_namespace.nspname != $7::VARCHAR
2026-03-12 23:02:25 - sqlalchemy.engine.Engine - INFO - [cached since 0.009248s ago] ('column_analysis', 'r', 'p', 'f', 'v', 'm', 'pg_catalog')
2026-03-12 23:02:25 - sqlalchemy.engine.Engine - INFO - SELECT pg_catalog.pg_class.relname 
FROM pg_catalog.pg_class JOIN pg_catalog.pg_namespace ON pg_catalog.pg_namespace.oid = pg_catalog.pg_class.relnamespace 
WHERE pg_catalog.pg_class.relname = $1::VARCHAR AND pg_catalog.pg_class.relkind = ANY (ARRAY[$2::VARCHAR, $3::VARCHAR, $4::VARCHAR, $5::VARCHAR, $6::VARCHAR]) AND pg_catalog.pg_table_is_visible(pg_catalog.pg_class.oid) AND pg_catalog.pg_namespace.nspname != $7::VARCHAR
2026-03-12 23:02:25 - sqlalchemy.engine.Engine - INFO - [cached since 0.01138s ago] ('cleaning_profiles', 'r', 'p', 'f', 'v', 'm', 'pg_catalog')
2026-03-12 23:02:25 - sqlalchemy.engine.Engine - INFO - SELECT pg_catalog.pg_class.relname 
FROM pg_catalog.pg_class JOIN pg_catalog.pg_namespace ON pg_catalog.pg_namespace.oid = pg_catalog.pg_class.relnamespace 
WHERE pg_catalog.pg_class.relname = $1::VARCHAR AND pg_catalog.pg_class.relkind = ANY (ARRAY[$2::VARCHAR, $3::VARCHAR, $4::VARCHAR, $5::VARCHAR, $6::VARCHAR]) AND pg_catalog.pg_table_is_visible(pg_catalog.pg_class.oid) AND pg_catalog.pg_namespace.nspname != $7::VARCHAR
2026-03-12 23:02:25 - sqlalchemy.engine.Engine - INFO - [cached since 0.01423s ago] ('cleaning_logs', 'r', 'p', 'f', 'v', 'm', 'pg_catalog')
2026-03-12 23:02:25 - sqlalchemy.engine.Engine - INFO - SELECT pg_catalog.pg_type.typname 
FROM pg_catalog.pg_type JOIN pg_catalog.pg_namespace ON pg_catalog.pg_namespace.oid = pg_catalog.pg_type.typnamespace 
WHERE pg_catalog.pg_type.typname = $1::VARCHAR AND pg_catalog.pg_type_is_visible(pg_catalog.pg_type.oid) AND pg_catalog.pg_namespace.nspname != $2::VARCHAR
2026-03-12 23:02:25 - sqlalchemy.engine.Engine - INFO - [generated in 0.00119s] ('datasetstatus', 'pg_catalog')
2026-03-12 23:02:25 - sqlalchemy.engine.Engine - INFO - COMMIT
2026-03-12 23:02:25 - app.core.database - INFO - Database initialized
2026-03-12 23:02:25 - app.core.cache - INFO - Redis connected
2026-03-12 23:02:47 - root - INFO - Starting AI Data Analytics Service v1.0.0
2026-03-12 23:02:47 - root - INFO - Environment: development
2026-03-12 23:02:47 - sqlalchemy.engine.Engine - INFO - select pg_catalog.version()
2026-03-12 23:02:47 - sqlalchemy.engine.Engine - INFO - [raw sql] ()
2026-03-12 23:02:47 - sqlalchemy.engine.Engine - INFO - select current_schema()
2026-03-12 23:02:47 - sqlalchemy.engine.Engine - INFO - [raw sql] ()
2026-03-12 23:02:47 - sqlalchemy.engine.Engine - INFO - show standard_conforming_strings
2026-03-12 23:02:47 - sqlalchemy.engine.Engine - INFO - [raw sql] ()
2026-03-12 23:02:47 - sqlalchemy.engine.Engine - INFO - BEGIN (implicit)
2026-03-12 23:02:47 - sqlalchemy.engine.Engine - INFO - SELECT pg_catalog.pg_class.relname 
FROM pg_catalog.pg_class JOIN pg_catalog.pg_namespace ON pg_catalog.pg_namespace.oid = pg_catalog.pg_class.relnamespace 
WHERE pg_catalog.pg_class.relname = $1::VARCHAR AND pg_catalog.pg_class.relkind = ANY (ARRAY[$2::VARCHAR, $3::VARCHAR, $4::VARCHAR, $5::VARCHAR, $6::VARCHAR]) AND pg_catalog.pg_table_is_visible(pg_catalog.pg_class.oid) AND pg_catalog.pg_namespace.nspname != $7::VARCHAR
2026-03-12 23:02:47 - sqlalchemy.engine.Engine - INFO - [generated in 0.00123s] ('datasets', 'r', 'p', 'f', 'v', 'm', 'pg_catalog')
2026-03-12 23:02:47 - sqlalchemy.engine.Engine - INFO - SELECT pg_catalog.pg_class.relname 
FROM pg_catalog.pg_class JOIN pg_catalog.pg_namespace ON pg_catalog.pg_namespace.oid = pg_catalog.pg_class.relnamespace 
WHERE pg_catalog.pg_class.relname = $1::VARCHAR AND pg_catalog.pg_class.relkind = ANY (ARRAY[$2::VARCHAR, $3::VARCHAR, $4::VARCHAR, $5::VARCHAR, $6::VARCHAR]) AND pg_catalog.pg_table_is_visible(pg_catalog.pg_class.oid) AND pg_catalog.pg_namespace.nspname != $7::VARCHAR
2026-03-12 23:02:47 - sqlalchemy.engine.Engine - INFO - [cached since 0.01201s ago] ('column_analysis', 'r', 'p', 'f', 'v', 'm', 'pg_catalog')
2026-03-12 23:02:47 - sqlalchemy.engine.Engine - INFO - SELECT pg_catalog.pg_class.relname 
FROM pg_catalog.pg_class JOIN pg_catalog.pg_namespace ON pg_catalog.pg_namespace.oid = pg_catalog.pg_class.relnamespace 
WHERE pg_catalog.pg_class.relname = $1::VARCHAR AND pg_catalog.pg_class.relkind = ANY (ARRAY[$2::VARCHAR, $3::VARCHAR, $4::VARCHAR, $5::VARCHAR, $6::VARCHAR]) AND pg_catalog.pg_table_is_visible(pg_catalog.pg_class.oid) AND pg_catalog.pg_namespace.nspname != $7::VARCHAR
2026-03-12 23:02:47 - sqlalchemy.engine.Engine - INFO - [cached since 0.0148s ago] ('cleaning_profiles', 'r', 'p', 'f', 'v', 'm', 'pg_catalog')
2026-03-12 23:02:47 - sqlalchemy.engine.Engine - INFO - SELECT pg_catalog.pg_class.relname 
FROM pg_catalog.pg_class JOIN pg_catalog.pg_namespace ON pg_catalog.pg_namespace.oid = pg_catalog.pg_class.relnamespace 
WHERE pg_catalog.pg_class.relname = $1::VARCHAR AND pg_catalog.pg_class.relkind = ANY (ARRAY[$2::VARCHAR, $3::VARCHAR, $4::VARCHAR, $5::VARCHAR, $6::VARCHAR]) AND pg_catalog.pg_table_is_visible(pg_catalog.pg_class.oid) AND pg_catalog.pg_namespace.nspname != $7::VARCHAR
2026-03-12 23:02:47 - sqlalchemy.engine.Engine - INFO - [cached since 0.01723s ago] ('cleaning_logs', 'r', 'p', 'f', 'v', 'm', 'pg_catalog')
2026-03-12 23:02:47 - sqlalchemy.engine.Engine - INFO - SELECT pg_catalog.pg_type.typname 
FROM pg_catalog.pg_type JOIN pg_catalog.pg_namespace ON pg_catalog.pg_namespace.oid = pg_catalog.pg_type.typnamespace 
WHERE pg_catalog.pg_type.typname = $1::VARCHAR AND pg_catalog.pg_type_is_visible(pg_catalog.pg_type.oid) AND pg_catalog.pg_namespace.nspname != $2::VARCHAR
2026-03-12 23:02:47 - sqlalchemy.engine.Engine - INFO - [generated in 0.00095s] ('datasetstatus', 'pg_catalog')
2026-03-12 23:02:47 - sqlalchemy.engine.Engine - INFO - COMMIT
2026-03-12 23:02:47 - app.core.database - INFO - Database initialized
2026-03-12 23:02:47 - app.core.cache - INFO - Redis connected
2026-03-12 23:20:20 - root - INFO - Starting AI Data Analytics Service v1.0.0
2026-03-12 23:20:20 - root - INFO - Environment: development
2026-03-12 23:20:21 - sqlalchemy.engine.Engine - INFO - select pg_catalog.version()
2026-03-12 23:20:21 - sqlalchemy.engine.Engine - INFO - [raw sql] ()
2026-03-12 23:20:21 - sqlalchemy.engine.Engine - INFO - select current_schema()
2026-03-12 23:20:21 - sqlalchemy.engine.Engine - INFO - [raw sql] ()
2026-03-12 23:20:21 - sqlalchemy.engine.Engine - INFO - show standard_conforming_strings
2026-03-12 23:20:21 - sqlalchemy.engine.Engine - INFO - [raw sql] ()
2026-03-12 23:20:21 - sqlalchemy.engine.Engine - INFO - BEGIN (implicit)
2026-03-12 23:20:21 - sqlalchemy.engine.Engine - INFO - SELECT pg_catalog.pg_class.relname 
FROM pg_catalog.pg_class JOIN pg_catalog.pg_namespace ON pg_catalog.pg_namespace.oid = pg_catalog.pg_class.relnamespace 
WHERE pg_catalog.pg_class.relname = $1::VARCHAR AND pg_catalog.pg_class.relkind = ANY (ARRAY[$2::VARCHAR, $3::VARCHAR, $4::VARCHAR, $5::VARCHAR, $6::VARCHAR]) AND pg_catalog.pg_table_is_visible(pg_catalog.pg_class.oid) AND pg_catalog.pg_namespace.nspname != $7::VARCHAR
2026-03-12 23:20:21 - sqlalchemy.engine.Engine - INFO - [generated in 0.00107s] ('datasets', 'r', 'p', 'f', 'v', 'm', 'pg_catalog')
2026-03-12 23:20:21 - sqlalchemy.engine.Engine - INFO - SELECT pg_catalog.pg_class.relname 
FROM pg_catalog.pg_class JOIN pg_catalog.pg_namespace ON pg_catalog.pg_namespace.oid = pg_catalog.pg_class.relnamespace 
WHERE pg_catalog.pg_class.relname = $1::VARCHAR AND pg_catalog.pg_class.relkind = ANY (ARRAY[$2::VARCHAR, $3::VARCHAR, $4::VARCHAR, $5::VARCHAR, $6::VARCHAR]) AND pg_catalog.pg_table_is_visible(pg_catalog.pg_class.oid) AND pg_catalog.pg_namespace.nspname != $7::VARCHAR
2026-03-12 23:20:21 - sqlalchemy.engine.Engine - INFO - [cached since 0.09663s ago] ('column_analysis', 'r', 'p', 'f', 'v', 'm', 'pg_catalog')
2026-03-12 23:20:21 - sqlalchemy.engine.Engine - INFO - SELECT pg_catalog.pg_class.relname 
FROM pg_catalog.pg_class JOIN pg_catalog.pg_namespace ON pg_catalog.pg_namespace.oid = pg_catalog.pg_class.relnamespace 
WHERE pg_catalog.pg_class.relname = $1::VARCHAR AND pg_catalog.pg_class.relkind = ANY (ARRAY[$2::VARCHAR, $3::VARCHAR, $4::VARCHAR, $5::VARCHAR, $6::VARCHAR]) AND pg_catalog.pg_table_is_visible(pg_catalog.pg_class.oid) AND pg_catalog.pg_namespace.nspname != $7::VARCHAR
2026-03-12 23:20:21 - sqlalchemy.engine.Engine - INFO - [cached since 0.09914s ago] ('cleaning_profiles', 'r', 'p', 'f', 'v', 'm', 'pg_catalog')
2026-03-12 23:20:21 - sqlalchemy.engine.Engine - INFO - SELECT pg_catalog.pg_class.relname 
FROM pg_catalog.pg_class JOIN pg_catalog.pg_namespace ON pg_catalog.pg_namespace.oid = pg_catalog.pg_class.relnamespace 
WHERE pg_catalog.pg_class.relname = $1::VARCHAR AND pg_catalog.pg_class.relkind = ANY (ARRAY[$2::VARCHAR, $3::VARCHAR, $4::VARCHAR, $5::VARCHAR, $6::VARCHAR]) AND pg_catalog.pg_table_is_visible(pg_catalog.pg_class.oid) AND pg_catalog.pg_namespace.nspname != $7::VARCHAR
2026-03-12 23:20:21 - sqlalchemy.engine.Engine - INFO - [cached since 0.1025s ago] ('cleaning_logs', 'r', 'p', 'f', 'v', 'm', 'pg_catalog')
2026-03-12 23:20:21 - sqlalchemy.engine.Engine - INFO - SELECT pg_catalog.pg_type.typname 
FROM pg_catalog.pg_type JOIN pg_catalog.pg_namespace ON pg_catalog.pg_namespace.oid = pg_catalog.pg_type.typnamespace 
WHERE pg_catalog.pg_type.typname = $1::VARCHAR AND pg_catalog.pg_type_is_visible(pg_catalog.pg_type.oid) AND pg_catalog.pg_namespace.nspname != $2::VARCHAR
2026-03-12 23:20:21 - sqlalchemy.engine.Engine - INFO - [generated in 0.00098s] ('datasetstatus', 'pg_catalog')
2026-03-12 23:20:21 - sqlalchemy.engine.Engine - INFO - COMMIT
2026-03-12 23:20:21 - app.core.database - INFO - Database initialized
2026-03-12 23:20:21 - app.core.cache - INFO - Redis connected
2026-03-12 23:22:28 - sqlalchemy.engine.Engine - INFO - BEGIN (implicit)
2026-03-12 23:22:28 - sqlalchemy.engine.Engine - INFO - SELECT datasets.id, datasets.filename, datasets.original_filename, datasets.file_path, datasets.file_size, datasets.file_type, datasets.status, datasets.row_count, datasets.column_count, datasets.columns, datasets.column_types, datasets.summary_stats, datasets.created_at, datasets.updated_at 
FROM datasets ORDER BY datasets.created_at DESC 
 LIMIT $1::INTEGER OFFSET $2::INTEGER
2026-03-12 23:22:28 - sqlalchemy.engine.Engine - INFO - [generated in 0.00112s] (10, 0)
2026-03-12 23:22:28 - sqlalchemy.engine.Engine - INFO - SELECT count(datasets.id) AS count_1 
FROM datasets
2026-03-12 23:22:28 - sqlalchemy.engine.Engine - INFO - [generated in 0.00061s] ()
2026-03-12 23:22:28 - sqlalchemy.engine.Engine - INFO - COMMIT
2026-03-12 23:23:39 - sqlalchemy.engine.Engine - INFO - BEGIN (implicit)
2026-03-12 23:23:39 - sqlalchemy.engine.Engine - INFO - SELECT datasets.id, datasets.filename, datasets.original_filename, datasets.file_path, datasets.file_size, datasets.file_type, datasets.status, datasets.row_count, datasets.column_count, datasets.columns, datasets.column_types, datasets.summary_stats, datasets.created_at, datasets.updated_at 
FROM datasets 
WHERE datasets.id = $1::INTEGER
2026-03-12 23:23:39 - sqlalchemy.engine.Engine - INFO - [generated in 0.00100s] (10,)
2026-03-12 23:23:39 - sqlalchemy.engine.Engine - INFO - SELECT column_analysis.id, column_analysis.dataset_id, column_analysis.metrics, column_analysis.dimensions, column_analysis.identifiers, column_analysis.temporal, column_analysis.geographic, column_analysis.other, column_analysis.relationships, column_analysis.dashboard_columns, column_analysis.primary_metric, column_analysis.analysis_method, column_analysis.confidence_score, column_analysis.total_relationships, column_analysis.created_at, column_analysis.updated_at 
FROM column_analysis 
WHERE column_analysis.dataset_id = $1::INTEGER ORDER BY column_analysis.created_at DESC
2026-03-12 23:23:39 - sqlalchemy.engine.Engine - INFO - [generated in 0.00123s] (10,)
2026-03-12 23:23:39 - app.api.v1.routes.analysis - INFO - Returning existing analysis for dataset 10
2026-03-12 23:23:39 - sqlalchemy.engine.Engine - INFO - COMMIT
2026-03-12 23:24:14 - sqlalchemy.engine.Engine - INFO - BEGIN (implicit)
2026-03-12 23:24:14 - sqlalchemy.engine.Engine - INFO - DELETE FROM column_analysis WHERE column_analysis.dataset_id = $1::INTEGER
2026-03-12 23:24:14 - sqlalchemy.engine.Engine - INFO - [generated in 0.00082s] (10,)
2026-03-12 23:24:14 - sqlalchemy.engine.Engine - INFO - COMMIT
2026-03-12 23:24:14 - app.repositories.analysis_repository - INFO - Deleted analysis for dataset 10
2026-03-12 23:25:03 - app.services.data.ingestion_service - INFO - File saved: 07c76d78-5dae-496c-b320-aab5ef6d7584.csv (876226 bytes)
2026-03-12 23:25:03 - sqlalchemy.engine.Engine - INFO - BEGIN (implicit)
2026-03-12 23:25:03 - sqlalchemy.engine.Engine - INFO - INSERT INTO datasets (filename, original_filename, file_path, file_size, file_type, status, row_count, column_count, updated_at) VALUES ($1::VARCHAR, $2::VARCHAR, $3::VARCHAR, $4::BIGINT, $5::VARCHAR, $6::datasetstatus, $7::INTEGER, $8::INTEGER, $9::TIMESTAMP WITH TIME ZONE) RETURNING datasets.id, datasets.created_at
2026-03-12 23:25:03 - sqlalchemy.engine.Engine - INFO - [generated in 0.00085s] ('07c76d78-5dae-496c-b320-aab5ef6d7584.csv', 'customers.csv', 'uploads\\07c76d78-5dae-496c-b320-aab5ef6d7584.csv', 876226, 'csv', 'UPLOADED', None, None, None)
2026-03-12 23:25:03 - sqlalchemy.engine.Engine - INFO - SELECT datasets.id, datasets.filename, datasets.original_filename, datasets.file_path, datasets.file_size, datasets.file_type, datasets.status, datasets.row_count, datasets.column_count, datasets.columns, datasets.column_types, datasets.summary_stats, datasets.created_at, datasets.updated_at 
FROM datasets 
WHERE datasets.id = $1::INTEGER
2026-03-12 23:25:03 - sqlalchemy.engine.Engine - INFO - [generated in 0.00146s] (11,)
2026-03-12 23:25:03 - app.repositories.dataset_repository - INFO - Created dataset: 11
2026-03-12 23:25:03 - app.api.v1.routes.upload - INFO - File uploaded: customers.csv -> Dataset ID: 11
2026-03-12 23:25:03 - sqlalchemy.engine.Engine - INFO - BEGIN (implicit)
2026-03-12 23:25:03 - sqlalchemy.engine.Engine - INFO - UPDATE datasets SET status=$1::datasetstatus, updated_at=now() WHERE datasets.id = $2::INTEGER
2026-03-12 23:25:03 - sqlalchemy.engine.Engine - INFO - [generated in 0.00060s] ('PROCESSING', 11)
2026-03-12 23:25:03 - sqlalchemy.engine.Engine - INFO - COMMIT
2026-03-12 23:25:03 - sqlalchemy.engine.Engine - INFO - BEGIN (implicit)
2026-03-12 23:25:03 - sqlalchemy.engine.Engine - INFO - SELECT datasets.id, datasets.filename, datasets.original_filename, datasets.file_path, datasets.file_size, datasets.file_type, datasets.status, datasets.row_count, datasets.column_count, datasets.columns, datasets.column_types, datasets.summary_stats, datasets.created_at, datasets.updated_at 
FROM datasets 
WHERE datasets.id = $1::INTEGER
2026-03-12 23:25:03 - sqlalchemy.engine.Engine - INFO - [cached since 84.56s ago] (11,)
2026-03-12 23:25:04 - app.services.data.parser_service - INFO - Parsed csv file: 10000 rows, 6 columns
2026-03-12 23:25:04 - sqlalchemy.engine.Engine - INFO - UPDATE datasets SET status=$1::datasetstatus, row_count=$2::INTEGER, column_count=$3::INTEGER, columns=$4::JSON, column_types=$5::JSON, summary_stats=$6::JSON, updated_at=now() WHERE datasets.id = $7::INTEGER
2026-03-12 23:25:04 - sqlalchemy.engine.Engine - INFO - [generated in 0.00113s] ('PROCESSED', 10000, 6, '["customer_id", "first_name", "last_name", "address", "email", "phone_number"]', '{"customer_id": "int64", "first_name": "object", "last_name": "object", "address": "object", "email": "object", "phone_number": "object"}', '{"customer_id": {"count": 10000.0, "mean": 5000.5, "std": 2886.8956799071675, "min": 1.0, "25%": 2500.75, "50%": 5000.5, "75%": 7500.25, "max": 10000.0}}', 11)
2026-03-12 23:25:04 - sqlalchemy.engine.Engine - INFO - COMMIT
2026-03-12 23:25:04 - sqlalchemy.engine.Engine - INFO - BEGIN (implicit)
2026-03-12 23:25:04 - sqlalchemy.engine.Engine - INFO - SELECT datasets.id, datasets.filename, datasets.original_filename, datasets.file_path, datasets.file_size, datasets.file_type, datasets.status, datasets.row_count, datasets.column_count, datasets.columns, datasets.column_types, datasets.summary_stats, datasets.created_at, datasets.updated_at 
FROM datasets 
WHERE datasets.id = $1::INTEGER
2026-03-12 23:25:04 - sqlalchemy.engine.Engine - INFO - [cached since 85.14s ago] (11,)
2026-03-12 23:25:04 - sqlalchemy.engine.Engine - INFO - COMMIT
2026-03-12 23:25:04 - app.api.v1.routes.upload - INFO - Dataset 11 processed successfully
2026-03-12 23:25:04 - app.api.v1.routes.upload - INFO - Starting auto-analysis for dataset 11...
2026-03-12 23:25:04 - app.services.analysis.column_analyzer - INFO - Analyzing 6 columns from 10000 rows...
2026-03-12 23:25:04 - app.services.analysis.column_analyzer - INFO - Detecting relationships with CustomPPS...
2026-03-12 23:25:04 - app.services.analysis.custom_pps - INFO - Sampled 5000 rows from 10000 for PPS analysis
2026-03-12 23:25:05 - app.services.analysis.column_analyzer - INFO - Found 3 PPS relationships
2026-03-12 23:25:05 - app.services.analysis.column_analyzer - INFO - Analysis complete: 2 relationships found
2026-03-12 23:25:05 - sqlalchemy.engine.Engine - INFO - BEGIN (implicit)
2026-03-12 23:25:05 - sqlalchemy.engine.Engine - INFO - INSERT INTO column_analysis (dataset_id, metrics, dimensions, identifiers, temporal, geographic, other, relationships, dashboard_columns, primary_metric, analysis_method, confidence_score, total_relationships, updated_at) VALUES ($1::INTEGER, $2::JSON, $3::JSON, $4::JSON, $5::JSON, $6::JSON, $7::JSON, $8::JSON, $9::JSON, $10::VARCHAR, $11::VARCHAR, $12::FLOAT, $13::INTEGER, $14::TIMESTAMP WITH TIME ZONE) RETURNING column_analysis.id, column_analysis.created_at
2026-03-12 23:25:05 - sqlalchemy.engine.Engine - INFO - [generated in 0.00136s] (11, '[]', '["first_name", "last_name"]', '["customer_id"]', '[]', '["address"]', '["email", "phone_number"]', '[{"columns": ["customer_id", "first_name"], "type": "predictive", "strength": 0.999, "direction": "customer_id \\u2192 first_name", "method": "custom ... (162 characters truncated) ... 0.704, "direction": "email \\u2192 first_name", "method": "custom_pps", "insight": "email can predict first_name", "case": "numeric_to_categorical"}]', '["first_name", "last_name", "address"]', None, 'custom_pps', np.float64(0.9), 2, None)
2026-03-12 23:25:06 - sqlalchemy.engine.Engine - INFO - ROLLBACK
2026-03-12 23:25:06 - app.api.v1.routes.upload - ERROR - Auto-analysis failed for dataset 11: (sqlalchemy.dialects.postgresql.asyncpg.IntegrityError) <class 'asyncpg.exceptions.ForeignKeyViolationError'>: une instruction insert ou update sur la table « column_analysis » viole la contrainte de clé
étrangère « column_analysis_dataset_id_fkey »
DETAIL:  La clé (dataset_id)=(11) n'est pas présente dans la table « datasets ».
[SQL: INSERT INTO column_analysis (dataset_id, metrics, dimensions, identifiers, temporal, geographic, other, relationships, dashboard_columns, primary_metric, analysis_method, confidence_score, total_relationships, updated_at) VALUES ($1::INTEGER, $2::JSON, $3::JSON, $4::JSON, $5::JSON, $6::JSON, $7::JSON, $8::JSON, $9::JSON, $10::VARCHAR, $11::VARCHAR, $12::FLOAT, $13::INTEGER, $14::TIMESTAMP WITH TIME ZONE) RETURNING column_analysis.id, column_analysis.created_at]
[parameters: (11, '[]', '["first_name", "last_name"]', '["customer_id"]', '[]', '["address"]', '["email", "phone_number"]', '[{"columns": ["customer_id", "first_name"], "type": "predictive", "strength": 0.999, "direction": "customer_id \\u2192 first_name", "method": "custom ... (162 characters truncated) ... 0.704, "direction": "email \\u2192 first_name", "method": "custom_pps", "insight": "email can predict first_name", "case": "numeric_to_categorical"}]', '["first_name", "last_name", "address"]', None, 'custom_pps', np.float64(0.9), 2, None)]
(Background on this error at: https://sqlalche.me/e/20/gkpj)
2026-03-12 23:25:06 - sqlalchemy.engine.Engine - INFO - COMMIT
2026-03-12 23:25:09 - sqlalchemy.engine.Engine - INFO - BEGIN (implicit)
2026-03-12 23:25:09 - sqlalchemy.engine.Engine - INFO - SELECT datasets.id, datasets.filename, datasets.original_filename, datasets.file_path, datasets.file_size, datasets.file_type, datasets.status, datasets.row_count, datasets.column_count, datasets.columns, datasets.column_types, datasets.summary_stats, datasets.created_at, datasets.updated_at 
FROM datasets ORDER BY datasets.created_at DESC 
 LIMIT $1::INTEGER OFFSET $2::INTEGER
2026-03-12 23:25:09 - sqlalchemy.engine.Engine - INFO - [cached since 161.2s ago] (10, 0)
2026-03-12 23:25:09 - sqlalchemy.engine.Engine - INFO - SELECT count(datasets.id) AS count_1 
FROM datasets
2026-03-12 23:25:09 - sqlalchemy.engine.Engine - INFO - [cached since 161s ago] ()
2026-03-12 23:25:09 - sqlalchemy.engine.Engine - INFO - COMMIT
2026-03-12 23:25:22 - sqlalchemy.engine.Engine - INFO - BEGIN (implicit)
2026-03-12 23:25:22 - sqlalchemy.engine.Engine - INFO - DELETE FROM column_analysis WHERE column_analysis.dataset_id = $1::INTEGER
2026-03-12 23:25:22 - sqlalchemy.engine.Engine - INFO - [cached since 67.48s ago] (11,)
2026-03-12 23:25:22 - sqlalchemy.engine.Engine - INFO - COMMIT
2026-03-12 23:25:22 - app.core.database - ERROR - Database error: 404: No analysis found for dataset 11
2026-03-12 23:25:39 - sqlalchemy.engine.Engine - INFO - BEGIN (implicit)
2026-03-12 23:25:39 - sqlalchemy.engine.Engine - INFO - SELECT datasets.id, datasets.filename, datasets.original_filename, datasets.file_path, datasets.file_size, datasets.file_type, datasets.status, datasets.row_count, datasets.column_count, datasets.columns, datasets.column_types, datasets.summary_stats, datasets.created_at, datasets.updated_at 
FROM datasets 
WHERE datasets.id = $1::INTEGER
2026-03-12 23:25:39 - sqlalchemy.engine.Engine - INFO - [cached since 120.6s ago] (11,)
2026-03-12 23:25:39 - sqlalchemy.engine.Engine - INFO - SELECT column_analysis.id, column_analysis.dataset_id, column_analysis.metrics, column_analysis.dimensions, column_analysis.identifiers, column_analysis.temporal, column_analysis.geographic, column_analysis.other, column_analysis.relationships, column_analysis.dashboard_columns, column_analysis.primary_metric, column_analysis.analysis_method, column_analysis.confidence_score, column_analysis.total_relationships, column_analysis.created_at, column_analysis.updated_at 
FROM column_analysis 
WHERE column_analysis.dataset_id = $1::INTEGER ORDER BY column_analysis.created_at DESC
2026-03-12 23:25:39 - sqlalchemy.engine.Engine - INFO - [cached since 120.6s ago] (11,)
2026-03-12 23:25:39 - app.api.v1.routes.analysis - INFO - Loading dataset 11 for analysis...
2026-03-12 23:25:39 - app.services.data.parser_service - INFO - Parsed csv file: 10000 rows, 6 columns
2026-03-12 23:25:39 - app.services.analysis.column_analyzer - INFO - Analyzing 6 columns from 10000 rows...
2026-03-12 23:25:39 - app.services.analysis.column_analyzer - INFO - Detecting relationships with CustomPPS...
2026-03-12 23:25:39 - app.services.analysis.custom_pps - INFO - Sampled 5000 rows from 10000 for PPS analysis
2026-03-12 23:25:41 - app.services.analysis.column_analyzer - INFO - Found 3 PPS relationships
2026-03-12 23:25:41 - app.services.analysis.column_analyzer - INFO - Analysis complete: 2 relationships found
2026-03-12 23:25:41 - sqlalchemy.engine.Engine - INFO - INSERT INTO column_analysis (dataset_id, metrics, dimensions, identifiers, temporal, geographic, other, relationships, dashboard_columns, primary_metric, analysis_method, confidence_score, total_relationships, updated_at) VALUES ($1::INTEGER, $2::JSON, $3::JSON, $4::JSON, $5::JSON, $6::JSON, $7::JSON, $8::JSON, $9::JSON, $10::VARCHAR, $11::VARCHAR, $12::FLOAT, $13::INTEGER, $14::TIMESTAMP WITH TIME ZONE) RETURNING column_analysis.id, column_analysis.created_at
2026-03-12 23:25:41 - sqlalchemy.engine.Engine - INFO - [generated in 0.00139s] (11, '[]', '["first_name", "last_name"]', '["customer_id"]', '[]', '["address"]', '["email", "phone_number"]', '[{"columns": ["customer_id", "first_name"], "type": "predictive", "strength": 0.999, "direction": "customer_id \\u2192 first_name", "method": "custom ... (162 characters truncated) ... 0.704, "direction": "email \\u2192 first_name", "method": "custom_pps", "insight": "email can predict first_name", "case": "numeric_to_categorical"}]', '["first_name", "last_name", "address"]', None, 'custom_pps', np.float64(0.9), 2, None)
2026-03-12 23:25:41 - sqlalchemy.engine.Engine - INFO - SELECT column_analysis.id, column_analysis.dataset_id, column_analysis.metrics, column_analysis.dimensions, column_analysis.identifiers, column_analysis.temporal, column_analysis.geographic, column_analysis.other, column_analysis.relationships, column_analysis.dashboard_columns, column_analysis.primary_metric, column_analysis.analysis_method, column_analysis.confidence_score, column_analysis.total_relationships, column_analysis.created_at, column_analysis.updated_at 
FROM column_analysis 
WHERE column_analysis.id = $1::INTEGER
2026-03-12 23:25:41 - sqlalchemy.engine.Engine - INFO - [generated in 0.00175s] (17,)
2026-03-12 23:25:41 - app.repositories.analysis_repository - INFO - Created analysis 17 for dataset 11
2026-03-12 23:25:41 - sqlalchemy.engine.Engine - INFO - COMMIT
2026-03-12 23:25:41 - app.api.v1.routes.analysis - INFO - Analysis saved for dataset 11: 2 relationships
2026-03-12 23:27:57 - root - INFO - Shutting down...
2026-03-12 23:27:57 - app.core.database - INFO - Database connection closed
2026-03-12 23:27:57 - app.core.cache - INFO - Redis connection closed
2026-03-12 23:28:11 - root - INFO - Starting AI Data Analytics Service v1.0.0
2026-03-12 23:28:11 - root - INFO - Environment: development
2026-03-12 23:28:11 - sqlalchemy.engine.Engine - INFO - select pg_catalog.version()
2026-03-12 23:28:11 - sqlalchemy.engine.Engine - INFO - [raw sql] ()
2026-03-12 23:28:11 - sqlalchemy.engine.Engine - INFO - select current_schema()
2026-03-12 23:28:11 - sqlalchemy.engine.Engine - INFO - [raw sql] ()
2026-03-12 23:28:11 - sqlalchemy.engine.Engine - INFO - show standard_conforming_strings
2026-03-12 23:28:11 - sqlalchemy.engine.Engine - INFO - [raw sql] ()
2026-03-12 23:28:11 - sqlalchemy.engine.Engine - INFO - BEGIN (implicit)
2026-03-12 23:28:11 - sqlalchemy.engine.Engine - INFO - SELECT pg_catalog.pg_class.relname 
FROM pg_catalog.pg_class JOIN pg_catalog.pg_namespace ON pg_catalog.pg_namespace.oid = pg_catalog.pg_class.relnamespace 
WHERE pg_catalog.pg_class.relname = $1::VARCHAR AND pg_catalog.pg_class.relkind = ANY (ARRAY[$2::VARCHAR, $3::VARCHAR, $4::VARCHAR, $5::VARCHAR, $6::VARCHAR]) AND pg_catalog.pg_table_is_visible(pg_catalog.pg_class.oid) AND pg_catalog.pg_namespace.nspname != $7::VARCHAR
2026-03-12 23:28:11 - sqlalchemy.engine.Engine - INFO - [generated in 0.00119s] ('datasets', 'r', 'p', 'f', 'v', 'm', 'pg_catalog')
2026-03-12 23:28:11 - sqlalchemy.engine.Engine - INFO - SELECT pg_catalog.pg_class.relname 
FROM pg_catalog.pg_class JOIN pg_catalog.pg_namespace ON pg_catalog.pg_namespace.oid = pg_catalog.pg_class.relnamespace 
WHERE pg_catalog.pg_class.relname = $1::VARCHAR AND pg_catalog.pg_class.relkind = ANY (ARRAY[$2::VARCHAR, $3::VARCHAR, $4::VARCHAR, $5::VARCHAR, $6::VARCHAR]) AND pg_catalog.pg_table_is_visible(pg_catalog.pg_class.oid) AND pg_catalog.pg_namespace.nspname != $7::VARCHAR
2026-03-12 23:28:11 - sqlalchemy.engine.Engine - INFO - [cached since 0.01018s ago] ('column_analysis', 'r', 'p', 'f', 'v', 'm', 'pg_catalog')
2026-03-12 23:28:11 - sqlalchemy.engine.Engine - INFO - SELECT pg_catalog.pg_class.relname 
FROM pg_catalog.pg_class JOIN pg_catalog.pg_namespace ON pg_catalog.pg_namespace.oid = pg_catalog.pg_class.relnamespace 
WHERE pg_catalog.pg_class.relname = $1::VARCHAR AND pg_catalog.pg_class.relkind = ANY (ARRAY[$2::VARCHAR, $3::VARCHAR, $4::VARCHAR, $5::VARCHAR, $6::VARCHAR]) AND pg_catalog.pg_table_is_visible(pg_catalog.pg_class.oid) AND pg_catalog.pg_namespace.nspname != $7::VARCHAR
2026-03-12 23:28:11 - sqlalchemy.engine.Engine - INFO - [cached since 0.01324s ago] ('cleaning_profiles', 'r', 'p', 'f', 'v', 'm', 'pg_catalog')
2026-03-12 23:28:11 - sqlalchemy.engine.Engine - INFO - SELECT pg_catalog.pg_class.relname 
FROM pg_catalog.pg_class JOIN pg_catalog.pg_namespace ON pg_catalog.pg_namespace.oid = pg_catalog.pg_class.relnamespace 
WHERE pg_catalog.pg_class.relname = $1::VARCHAR AND pg_catalog.pg_class.relkind = ANY (ARRAY[$2::VARCHAR, $3::VARCHAR, $4::VARCHAR, $5::VARCHAR, $6::VARCHAR]) AND pg_catalog.pg_table_is_visible(pg_catalog.pg_class.oid) AND pg_catalog.pg_namespace.nspname != $7::VARCHAR
2026-03-12 23:28:11 - sqlalchemy.engine.Engine - INFO - [cached since 0.01615s ago] ('cleaning_logs', 'r', 'p', 'f', 'v', 'm', 'pg_catalog')
2026-03-12 23:28:11 - sqlalchemy.engine.Engine - INFO - SELECT pg_catalog.pg_type.typname 
FROM pg_catalog.pg_type JOIN pg_catalog.pg_namespace ON pg_catalog.pg_namespace.oid = pg_catalog.pg_type.typnamespace 
WHERE pg_catalog.pg_type.typname = $1::VARCHAR AND pg_catalog.pg_type_is_visible(pg_catalog.pg_type.oid) AND pg_catalog.pg_namespace.nspname != $2::VARCHAR
2026-03-12 23:28:11 - sqlalchemy.engine.Engine - INFO - [generated in 0.00129s] ('datasetstatus', 'pg_catalog')
2026-03-12 23:28:11 - sqlalchemy.engine.Engine - INFO - COMMIT
2026-03-12 23:28:11 - app.core.database - INFO - Database initialized
2026-03-12 23:28:11 - app.core.cache - INFO - Redis connected
2026-03-12 23:32:10 - sqlalchemy.engine.Engine - INFO - BEGIN (implicit)
2026-03-12 23:32:10 - sqlalchemy.engine.Engine - INFO - SELECT datasets.id, datasets.filename, datasets.original_filename, datasets.file_path, datasets.file_size, datasets.file_type, datasets.status, datasets.row_count, datasets.column_count, datasets.columns, datasets.column_types, datasets.summary_stats, datasets.created_at, datasets.updated_at 
FROM datasets 
WHERE datasets.id = $1::INTEGER
2026-03-12 23:32:10 - sqlalchemy.engine.Engine - INFO - [generated in 0.00188s] (10,)
2026-03-12 23:32:10 - sqlalchemy.engine.Engine - INFO - SELECT column_analysis.id, column_analysis.dataset_id, column_analysis.metrics, column_analysis.dimensions, column_analysis.identifiers, column_analysis.temporal, column_analysis.geographic, column_analysis.other, column_analysis.relationships, column_analysis.dashboard_columns, column_analysis.primary_metric, column_analysis.analysis_method, column_analysis.confidence_score, column_analysis.total_relationships, column_analysis.created_at, column_analysis.updated_at 
FROM column_analysis 
WHERE column_analysis.dataset_id = $1::INTEGER ORDER BY column_analysis.created_at DESC
2026-03-12 23:32:10 - sqlalchemy.engine.Engine - INFO - [generated in 0.00404s] (10,)
2026-03-12 23:32:10 - app.api.v1.routes.analysis - INFO - Loading dataset 10 for analysis...
2026-03-12 23:32:10 - app.services.data.parser_service - INFO - Parsed csv file: 10000 rows, 6 columns
2026-03-12 23:32:10 - app.services.analysis.column_analyzer - INFO - Analyzing 6 columns from 10000 rows...
2026-03-12 23:32:10 - app.services.analysis.column_analyzer - INFO - Detecting relationships with CustomPPS...
2026-03-12 23:32:10 - app.services.analysis.custom_pps - INFO - Sampled 5000 rows from 10000 for PPS analysis
2026-03-12 23:32:11 - app.services.analysis.column_analyzer - INFO - Found 1 PPS relationships
2026-03-12 23:32:11 - app.services.analysis.column_analyzer - INFO - Analysis complete: 1 relationships found
2026-03-12 23:32:11 - sqlalchemy.engine.Engine - INFO - INSERT INTO column_analysis (dataset_id, metrics, dimensions, identifiers, temporal, geographic, other, relationships, dashboard_columns, primary_metric, analysis_method, confidence_score, total_relationships, updated_at) VALUES ($1::INTEGER, $2::JSON, $3::JSON, $4::JSON, $5::JSON, $6::JSON, $7::JSON, $8::JSON, $9::JSON, $10::VARCHAR, $11::VARCHAR, $12::FLOAT, $13::INTEGER, $14::TIMESTAMP WITH TIME ZONE) RETURNING column_analysis.id, column_analysis.created_at
2026-03-12 23:32:11 - sqlalchemy.engine.Engine - INFO - [generated in 0.00171s] (10, '[]', '["first_name", "last_name"]', '["customer_id"]', '[]', '["address"]', '["email", "phone_number"]', '[{"columns": ["email", "first_name"], "type": "predictive", "strength": 0.704, "direction": "email \\u2192 first_name", "method": "custom_pps", "insight": "email can predict first_name", "case": "numeric_to_categorical"}]', '["first_name", "last_name", "address"]', None, 'custom_pps', np.float64(0.79), 1, None)
2026-03-12 23:32:11 - sqlalchemy.engine.Engine - INFO - SELECT column_analysis.id, column_analysis.dataset_id, column_analysis.metrics, column_analysis.dimensions, column_analysis.identifiers, column_analysis.temporal, column_analysis.geographic, column_analysis.other, column_analysis.relationships, column_analysis.dashboard_columns, column_analysis.primary_metric, column_analysis.analysis_method, column_analysis.confidence_score, column_analysis.total_relationships, column_analysis.created_at, column_analysis.updated_at 
FROM column_analysis 
WHERE column_analysis.id = $1::INTEGER
2026-03-12 23:32:11 - sqlalchemy.engine.Engine - INFO - [generated in 0.00157s] (18,)
2026-03-12 23:32:11 - app.repositories.analysis_repository - INFO - Created analysis 18 for dataset 10
2026-03-12 23:32:11 - sqlalchemy.engine.Engine - INFO - COMMIT
2026-03-12 23:32:11 - app.api.v1.routes.analysis - INFO - Analysis saved for dataset 10: 1 relationships
2026-03-12 23:35:20 - root - INFO - Shutting down...
2026-03-12 23:35:20 - app.core.database - INFO - Database connection closed
2026-03-12 23:35:20 - app.core.cache - INFO - Redis connection closed
2026-03-12 23:35:25 - root - INFO - Starting AI Data Analytics Service v1.0.0
2026-03-12 23:35:25 - root - INFO - Environment: development
2026-03-12 23:35:25 - sqlalchemy.engine.Engine - INFO - select pg_catalog.version()
2026-03-12 23:35:25 - sqlalchemy.engine.Engine - INFO - [raw sql] ()
2026-03-12 23:35:25 - sqlalchemy.engine.Engine - INFO - select current_schema()
2026-03-12 23:35:25 - sqlalchemy.engine.Engine - INFO - [raw sql] ()
2026-03-12 23:35:25 - sqlalchemy.engine.Engine - INFO - show standard_conforming_strings
2026-03-12 23:35:25 - sqlalchemy.engine.Engine - INFO - [raw sql] ()
2026-03-12 23:35:25 - sqlalchemy.engine.Engine - INFO - BEGIN (implicit)
2026-03-12 23:35:25 - sqlalchemy.engine.Engine - INFO - SELECT pg_catalog.pg_class.relname 
FROM pg_catalog.pg_class JOIN pg_catalog.pg_namespace ON pg_catalog.pg_namespace.oid = pg_catalog.pg_class.relnamespace 
WHERE pg_catalog.pg_class.relname = $1::VARCHAR AND pg_catalog.pg_class.relkind = ANY (ARRAY[$2::VARCHAR, $3::VARCHAR, $4::VARCHAR, $5::VARCHAR, $6::VARCHAR]) AND pg_catalog.pg_table_is_visible(pg_catalog.pg_class.oid) AND pg_catalog.pg_namespace.nspname != $7::VARCHAR
2026-03-12 23:35:25 - sqlalchemy.engine.Engine - INFO - [generated in 0.00139s] ('datasets', 'r', 'p', 'f', 'v', 'm', 'pg_catalog')
2026-03-12 23:35:25 - sqlalchemy.engine.Engine - INFO - SELECT pg_catalog.pg_class.relname 
FROM pg_catalog.pg_class JOIN pg_catalog.pg_namespace ON pg_catalog.pg_namespace.oid = pg_catalog.pg_class.relnamespace 
WHERE pg_catalog.pg_class.relname = $1::VARCHAR AND pg_catalog.pg_class.relkind = ANY (ARRAY[$2::VARCHAR, $3::VARCHAR, $4::VARCHAR, $5::VARCHAR, $6::VARCHAR]) AND pg_catalog.pg_table_is_visible(pg_catalog.pg_class.oid) AND pg_catalog.pg_namespace.nspname != $7::VARCHAR
2026-03-12 23:35:25 - sqlalchemy.engine.Engine - INFO - [cached since 0.01044s ago] ('column_analysis', 'r', 'p', 'f', 'v', 'm', 'pg_catalog')
2026-03-12 23:35:25 - sqlalchemy.engine.Engine - INFO - SELECT pg_catalog.pg_class.relname 
FROM pg_catalog.pg_class JOIN pg_catalog.pg_namespace ON pg_catalog.pg_namespace.oid = pg_catalog.pg_class.relnamespace 
WHERE pg_catalog.pg_class.relname = $1::VARCHAR AND pg_catalog.pg_class.relkind = ANY (ARRAY[$2::VARCHAR, $3::VARCHAR, $4::VARCHAR, $5::VARCHAR, $6::VARCHAR]) AND pg_catalog.pg_table_is_visible(pg_catalog.pg_class.oid) AND pg_catalog.pg_namespace.nspname != $7::VARCHAR
2026-03-12 23:35:25 - sqlalchemy.engine.Engine - INFO - [cached since 0.01271s ago] ('cleaning_profiles', 'r', 'p', 'f', 'v', 'm', 'pg_catalog')
2026-03-12 23:35:25 - sqlalchemy.engine.Engine - INFO - SELECT pg_catalog.pg_class.relname 
FROM pg_catalog.pg_class JOIN pg_catalog.pg_namespace ON pg_catalog.pg_namespace.oid = pg_catalog.pg_class.relnamespace 
WHERE pg_catalog.pg_class.relname = $1::VARCHAR AND pg_catalog.pg_class.relkind = ANY (ARRAY[$2::VARCHAR, $3::VARCHAR, $4::VARCHAR, $5::VARCHAR, $6::VARCHAR]) AND pg_catalog.pg_table_is_visible(pg_catalog.pg_class.oid) AND pg_catalog.pg_namespace.nspname != $7::VARCHAR
2026-03-12 23:35:25 - sqlalchemy.engine.Engine - INFO - [cached since 0.01538s ago] ('cleaning_logs', 'r', 'p', 'f', 'v', 'm', 'pg_catalog')
2026-03-12 23:35:25 - sqlalchemy.engine.Engine - INFO - SELECT pg_catalog.pg_type.typname 
FROM pg_catalog.pg_type JOIN pg_catalog.pg_namespace ON pg_catalog.pg_namespace.oid = pg_catalog.pg_type.typnamespace 
WHERE pg_catalog.pg_type.typname = $1::VARCHAR AND pg_catalog.pg_type_is_visible(pg_catalog.pg_type.oid) AND pg_catalog.pg_namespace.nspname != $2::VARCHAR
2026-03-12 23:35:25 - sqlalchemy.engine.Engine - INFO - [generated in 0.00095s] ('datasetstatus', 'pg_catalog')
2026-03-12 23:35:25 - sqlalchemy.engine.Engine - INFO - COMMIT
2026-03-12 23:35:25 - app.core.database - INFO - Database initialized
2026-03-12 23:35:25 - app.core.cache - INFO - Redis connected
2026-03-12 23:38:36 - sqlalchemy.engine.Engine - INFO - BEGIN (implicit)
2026-03-12 23:38:36 - sqlalchemy.engine.Engine - INFO - SELECT column_analysis.id, column_analysis.dataset_id, column_analysis.metrics, column_analysis.dimensions, column_analysis.identifiers, column_analysis.temporal, column_analysis.geographic, column_analysis.other, column_analysis.relationships, column_analysis.dashboard_columns, column_analysis.primary_metric, column_analysis.analysis_method, column_analysis.confidence_score, column_analysis.total_relationships, column_analysis.created_at, column_analysis.updated_at 
FROM column_analysis 
WHERE column_analysis.dataset_id = $1::INTEGER ORDER BY column_analysis.created_at DESC
2026-03-12 23:38:36 - sqlalchemy.engine.Engine - INFO - [generated in 0.00139s] (10,)
2026-03-12 23:38:36 - sqlalchemy.engine.Engine - INFO - COMMIT
2026-03-12 23:42:15 - sqlalchemy.engine.Engine - INFO - BEGIN (implicit)
2026-03-12 23:42:15 - sqlalchemy.engine.Engine - INFO - SELECT datasets.id, datasets.filename, datasets.original_filename, datasets.file_path, datasets.file_size, datasets.file_type, datasets.status, datasets.row_count, datasets.column_count, datasets.columns, datasets.column_types, datasets.summary_stats, datasets.created_at, datasets.updated_at 
FROM datasets 
WHERE datasets.id = $1::INTEGER
2026-03-12 23:42:15 - sqlalchemy.engine.Engine - INFO - [generated in 0.00147s] (11,)
2026-03-12 23:42:16 - sqlalchemy.engine.Engine - INFO - SELECT column_analysis.id, column_analysis.dataset_id, column_analysis.metrics, column_analysis.dimensions, column_analysis.identifiers, column_analysis.temporal, column_analysis.geographic, column_analysis.other, column_analysis.relationships, column_analysis.dashboard_columns, column_analysis.primary_metric, column_analysis.analysis_method, column_analysis.confidence_score, column_analysis.total_relationships, column_analysis.created_at, column_analysis.updated_at 
FROM column_analysis 
WHERE column_analysis.dataset_id = $1::INTEGER ORDER BY column_analysis.created_at DESC
2026-03-12 23:42:16 - sqlalchemy.engine.Engine - INFO - [cached since 219.7s ago] (11,)
2026-03-12 23:42:16 - app.api.v1.routes.analysis - INFO - Returning existing analysis for dataset 11
2026-03-12 23:42:16 - sqlalchemy.engine.Engine - INFO - COMMIT
2026-03-12 23:42:44 - root - INFO - Shutting down...
2026-03-12 23:42:44 - app.core.database - INFO - Database connection closed
2026-03-12 23:42:44 - app.core.cache - INFO - Redis connection closed
2026-03-12 23:42:52 - root - INFO - Starting AI Data Analytics Service v1.0.0
2026-03-12 23:42:52 - root - INFO - Environment: development
2026-03-12 23:42:52 - sqlalchemy.engine.Engine - INFO - select pg_catalog.version()
2026-03-12 23:42:52 - sqlalchemy.engine.Engine - INFO - [raw sql] ()
2026-03-12 23:42:52 - sqlalchemy.engine.Engine - INFO - select current_schema()
2026-03-12 23:42:52 - sqlalchemy.engine.Engine - INFO - [raw sql] ()
2026-03-12 23:42:52 - sqlalchemy.engine.Engine - INFO - show standard_conforming_strings
2026-03-12 23:42:52 - sqlalchemy.engine.Engine - INFO - [raw sql] ()
2026-03-12 23:42:52 - sqlalchemy.engine.Engine - INFO - BEGIN (implicit)
2026-03-12 23:42:52 - sqlalchemy.engine.Engine - INFO - SELECT pg_catalog.pg_class.relname 
FROM pg_catalog.pg_class JOIN pg_catalog.pg_namespace ON pg_catalog.pg_namespace.oid = pg_catalog.pg_class.relnamespace 
WHERE pg_catalog.pg_class.relname = $1::VARCHAR AND pg_catalog.pg_class.relkind = ANY (ARRAY[$2::VARCHAR, $3::VARCHAR, $4::VARCHAR, $5::VARCHAR, $6::VARCHAR]) AND pg_catalog.pg_table_is_visible(pg_catalog.pg_class.oid) AND pg_catalog.pg_namespace.nspname != $7::VARCHAR
2026-03-12 23:42:52 - sqlalchemy.engine.Engine - INFO - [generated in 0.00110s] ('datasets', 'r', 'p', 'f', 'v', 'm', 'pg_catalog')
2026-03-12 23:42:52 - sqlalchemy.engine.Engine - INFO - SELECT pg_catalog.pg_class.relname 
FROM pg_catalog.pg_class JOIN pg_catalog.pg_namespace ON pg_catalog.pg_namespace.oid = pg_catalog.pg_class.relnamespace 
WHERE pg_catalog.pg_class.relname = $1::VARCHAR AND pg_catalog.pg_class.relkind = ANY (ARRAY[$2::VARCHAR, $3::VARCHAR, $4::VARCHAR, $5::VARCHAR, $6::VARCHAR]) AND pg_catalog.pg_table_is_visible(pg_catalog.pg_class.oid) AND pg_catalog.pg_namespace.nspname != $7::VARCHAR
2026-03-12 23:42:52 - sqlalchemy.engine.Engine - INFO - [cached since 0.009565s ago] ('column_analysis', 'r', 'p', 'f', 'v', 'm', 'pg_catalog')
2026-03-12 23:42:52 - sqlalchemy.engine.Engine - INFO - SELECT pg_catalog.pg_class.relname 
FROM pg_catalog.pg_class JOIN pg_catalog.pg_namespace ON pg_catalog.pg_namespace.oid = pg_catalog.pg_class.relnamespace 
WHERE pg_catalog.pg_class.relname = $1::VARCHAR AND pg_catalog.pg_class.relkind = ANY (ARRAY[$2::VARCHAR, $3::VARCHAR, $4::VARCHAR, $5::VARCHAR, $6::VARCHAR]) AND pg_catalog.pg_table_is_visible(pg_catalog.pg_class.oid) AND pg_catalog.pg_namespace.nspname != $7::VARCHAR
2026-03-12 23:42:52 - sqlalchemy.engine.Engine - INFO - [cached since 0.0118s ago] ('cleaning_profiles', 'r', 'p', 'f', 'v', 'm', 'pg_catalog')
2026-03-12 23:42:52 - sqlalchemy.engine.Engine - INFO - SELECT pg_catalog.pg_class.relname 
FROM pg_catalog.pg_class JOIN pg_catalog.pg_namespace ON pg_catalog.pg_namespace.oid = pg_catalog.pg_class.relnamespace 
WHERE pg_catalog.pg_class.relname = $1::VARCHAR AND pg_catalog.pg_class.relkind = ANY (ARRAY[$2::VARCHAR, $3::VARCHAR, $4::VARCHAR, $5::VARCHAR, $6::VARCHAR]) AND pg_catalog.pg_table_is_visible(pg_catalog.pg_class.oid) AND pg_catalog.pg_namespace.nspname != $7::VARCHAR
2026-03-12 23:42:52 - sqlalchemy.engine.Engine - INFO - [cached since 0.01379s ago] ('cleaning_logs', 'r', 'p', 'f', 'v', 'm', 'pg_catalog')
2026-03-12 23:42:52 - sqlalchemy.engine.Engine - INFO - SELECT pg_catalog.pg_type.typname 
FROM pg_catalog.pg_type JOIN pg_catalog.pg_namespace ON pg_catalog.pg_namespace.oid = pg_catalog.pg_type.typnamespace 
WHERE pg_catalog.pg_type.typname = $1::VARCHAR AND pg_catalog.pg_type_is_visible(pg_catalog.pg_type.oid) AND pg_catalog.pg_namespace.nspname != $2::VARCHAR
2026-03-12 23:42:52 - sqlalchemy.engine.Engine - INFO - [generated in 0.00111s] ('datasetstatus', 'pg_catalog')
2026-03-12 23:42:52 - sqlalchemy.engine.Engine - INFO - COMMIT
2026-03-12 23:42:52 - app.core.database - INFO - Database initialized
2026-03-12 23:42:52 - app.core.cache - INFO - Redis connected
2026-03-12 23:43:18 - app.services.data.ingestion_service - INFO - File saved: e75001ae-e020-4a2c-8b5a-c7a11b66602f.csv (876226 bytes)
2026-03-12 23:43:18 - sqlalchemy.engine.Engine - INFO - BEGIN (implicit)
2026-03-12 23:43:18 - sqlalchemy.engine.Engine - INFO - INSERT INTO datasets (filename, original_filename, file_path, file_size, file_type, status, row_count, column_count, updated_at) VALUES ($1::VARCHAR, $2::VARCHAR, $3::VARCHAR, $4::BIGINT, $5::VARCHAR, $6::datasetstatus, $7::INTEGER, $8::INTEGER, $9::TIMESTAMP WITH TIME ZONE) RETURNING datasets.id, datasets.created_at
2026-03-12 23:43:18 - sqlalchemy.engine.Engine - INFO - [generated in 0.00094s] ('e75001ae-e020-4a2c-8b5a-c7a11b66602f.csv', 'customers.csv', 'uploads\\e75001ae-e020-4a2c-8b5a-c7a11b66602f.csv', 876226, 'csv', 'UPLOADED', None, None, None)
2026-03-12 23:43:18 - sqlalchemy.engine.Engine - INFO - SELECT datasets.id, datasets.filename, datasets.original_filename, datasets.file_path, datasets.file_size, datasets.file_type, datasets.status, datasets.row_count, datasets.column_count, datasets.columns, datasets.column_types, datasets.summary_stats, datasets.created_at, datasets.updated_at 
FROM datasets 
WHERE datasets.id = $1::INTEGER
2026-03-12 23:43:18 - sqlalchemy.engine.Engine - INFO - [generated in 0.00103s] (12,)
2026-03-12 23:43:19 - app.repositories.dataset_repository - INFO - Created dataset: 12
2026-03-12 23:43:19 - app.api.v1.routes.upload - INFO - File uploaded: customers.csv -> Dataset ID: 12
2026-03-12 23:43:19 - sqlalchemy.engine.Engine - INFO - BEGIN (implicit)
2026-03-12 23:43:19 - sqlalchemy.engine.Engine - INFO - UPDATE datasets SET status=$1::datasetstatus, updated_at=now() WHERE datasets.id = $2::INTEGER
2026-03-12 23:43:19 - sqlalchemy.engine.Engine - INFO - [generated in 0.00094s] ('PROCESSING', 12)
2026-03-12 23:43:19 - sqlalchemy.engine.Engine - INFO - COMMIT
2026-03-12 23:43:19 - sqlalchemy.engine.Engine - INFO - BEGIN (implicit)
2026-03-12 23:43:19 - sqlalchemy.engine.Engine - INFO - SELECT datasets.id, datasets.filename, datasets.original_filename, datasets.file_path, datasets.file_size, datasets.file_type, datasets.status, datasets.row_count, datasets.column_count, datasets.columns, datasets.column_types, datasets.summary_stats, datasets.created_at, datasets.updated_at 
FROM datasets 
WHERE datasets.id = $1::INTEGER
2026-03-12 23:43:19 - sqlalchemy.engine.Engine - INFO - [generated in 0.00085s] (12,)
2026-03-12 23:43:19 - app.services.data.parser_service - INFO - Parsed csv file: 10000 rows, 6 columns
2026-03-12 23:43:19 - sqlalchemy.engine.Engine - INFO - UPDATE datasets SET status=$1::datasetstatus, row_count=$2::INTEGER, column_count=$3::INTEGER, columns=$4::JSON, column_types=$5::JSON, summary_stats=$6::JSON, updated_at=now() WHERE datasets.id = $7::INTEGER
2026-03-12 23:43:19 - sqlalchemy.engine.Engine - INFO - [generated in 0.00070s] ('PROCESSED', 10000, 6, '["customer_id", "first_name", "last_name", "address", "email", "phone_number"]', '{"customer_id": "int64", "first_name": "object", "last_name": "object", "address": "object", "email": "object", "phone_number": "object"}', '{"customer_id": {"count": 10000.0, "mean": 5000.5, "std": 2886.8956799071675, "min": 1.0, "25%": 2500.75, "50%": 5000.5, "75%": 7500.25, "max": 10000.0}}', 12)
2026-03-12 23:43:19 - sqlalchemy.engine.Engine - INFO - COMMIT
2026-03-12 23:43:19 - sqlalchemy.engine.Engine - INFO - BEGIN (implicit)
2026-03-12 23:43:19 - sqlalchemy.engine.Engine - INFO - SELECT datasets.id, datasets.filename, datasets.original_filename, datasets.file_path, datasets.file_size, datasets.file_type, datasets.status, datasets.row_count, datasets.column_count, datasets.columns, datasets.column_types, datasets.summary_stats, datasets.created_at, datasets.updated_at 
FROM datasets 
WHERE datasets.id = $1::INTEGER
2026-03-12 23:43:19 - sqlalchemy.engine.Engine - INFO - [cached since 0.1429s ago] (12,)
2026-03-12 23:43:19 - sqlalchemy.engine.Engine - INFO - COMMIT
2026-03-12 23:43:19 - app.api.v1.routes.upload - INFO - Dataset 12 processed successfully
2026-03-12 23:43:19 - app.api.v1.routes.upload - INFO - Starting auto-analysis for dataset 12...
2026-03-12 23:43:19 - app.services.analysis.column_analyzer - INFO - Analyzing 6 columns from 10000 rows...
2026-03-12 23:43:19 - app.services.analysis.column_analyzer - INFO - Detecting relationships with CustomPPS...
2026-03-12 23:43:19 - app.services.analysis.custom_pps - INFO - Sampled 5000 rows from 10000 for PPS analysis
2026-03-12 23:43:19 - app.services.analysis.column_analyzer - INFO - Found 0 PPS relationships
2026-03-12 23:43:19 - app.services.analysis.column_analyzer - INFO - Analysis complete: 0 relationships found
2026-03-12 23:43:19 - sqlalchemy.engine.Engine - INFO - BEGIN (implicit)
2026-03-12 23:43:19 - sqlalchemy.engine.Engine - INFO - INSERT INTO column_analysis (dataset_id, metrics, dimensions, identifiers, temporal, geographic, other, relationships, dashboard_columns, primary_metric, analysis_method, confidence_score, total_relationships, updated_at) VALUES ($1::INTEGER, $2::JSON, $3::JSON, $4::JSON, $5::JSON, $6::JSON, $7::JSON, $8::JSON, $9::JSON, $10::VARCHAR, $11::VARCHAR, $12::FLOAT, $13::INTEGER, $14::TIMESTAMP WITH TIME ZONE) RETURNING column_analysis.id, column_analysis.created_at
2026-03-12 23:43:19 - sqlalchemy.engine.Engine - INFO - [generated in 0.00098s] (12, '[]', '["first_name", "last_name"]', '["customer_id", "email", "phone_number"]', '[]', '["address"]', '[]', '[]', '["first_name", "last_name", "address"]', None, 'custom_pps', 0.5, 0, None)
2026-03-12 23:43:19 - sqlalchemy.engine.Engine - INFO - ROLLBACK
2026-03-12 23:43:19 - app.api.v1.routes.upload - ERROR - Auto-analysis failed for dataset 12: (sqlalchemy.dialects.postgresql.asyncpg.IntegrityError) <class 'asyncpg.exceptions.ForeignKeyViolationError'>: une instruction insert ou update sur la table « column_analysis » viole la contrainte de clé
étrangère « column_analysis_dataset_id_fkey »
DETAIL:  La clé (dataset_id)=(12) n'est pas présente dans la table « datasets ».
[SQL: INSERT INTO column_analysis (dataset_id, metrics, dimensions, identifiers, temporal, geographic, other, relationships, dashboard_columns, primary_metric, analysis_method, confidence_score, total_relationships, updated_at) VALUES ($1::INTEGER, $2::JSON, $3::JSON, $4::JSON, $5::JSON, $6::JSON, $7::JSON, $8::JSON, $9::JSON, $10::VARCHAR, $11::VARCHAR, $12::FLOAT, $13::INTEGER, $14::TIMESTAMP WITH TIME ZONE) RETURNING column_analysis.id, column_analysis.created_at]
[parameters: (12, '[]', '["first_name", "last_name"]', '["customer_id", "email", "phone_number"]', '[]', '["address"]', '[]', '[]', '["first_name", "last_name", "address"]', None, 'custom_pps', 0.5, 0, None)]
(Background on this error at: https://sqlalche.me/e/20/gkpj)
2026-03-12 23:43:19 - sqlalchemy.engine.Engine - INFO - COMMIT
2026-03-12 23:43:37 - sqlalchemy.engine.Engine - INFO - BEGIN (implicit)
2026-03-12 23:43:37 - sqlalchemy.engine.Engine - INFO - SELECT datasets.id, datasets.filename, datasets.original_filename, datasets.file_path, datasets.file_size, datasets.file_type, datasets.status, datasets.row_count, datasets.column_count, datasets.columns, datasets.column_types, datasets.summary_stats, datasets.created_at, datasets.updated_at 
FROM datasets 
WHERE datasets.id = $1::INTEGER
2026-03-12 23:43:37 - sqlalchemy.engine.Engine - INFO - [cached since 18.8s ago] (12,)
2026-03-12 23:43:37 - sqlalchemy.engine.Engine - INFO - SELECT column_analysis.id, column_analysis.dataset_id, column_analysis.metrics, column_analysis.dimensions, column_analysis.identifiers, column_analysis.temporal, column_analysis.geographic, column_analysis.other, column_analysis.relationships, column_analysis.dashboard_columns, column_analysis.primary_metric, column_analysis.analysis_method, column_analysis.confidence_score, column_analysis.total_relationships, column_analysis.created_at, column_analysis.updated_at 
FROM column_analysis 
WHERE column_analysis.dataset_id = $1::INTEGER ORDER BY column_analysis.created_at DESC
2026-03-12 23:43:37 - sqlalchemy.engine.Engine - INFO - [generated in 0.00317s] (12,)
2026-03-12 23:43:37 - app.api.v1.routes.analysis - INFO - Loading dataset 12 for analysis...
2026-03-12 23:43:38 - app.services.data.parser_service - INFO - Parsed csv file: 10000 rows, 6 columns
2026-03-12 23:43:38 - app.services.analysis.column_analyzer - INFO - Analyzing 6 columns from 10000 rows...
2026-03-12 23:43:38 - app.services.analysis.column_analyzer - INFO - Detecting relationships with CustomPPS...
2026-03-12 23:43:38 - app.services.analysis.custom_pps - INFO - Sampled 5000 rows from 10000 for PPS analysis
2026-03-12 23:43:38 - app.services.analysis.column_analyzer - INFO - Found 0 PPS relationships
2026-03-12 23:43:38 - app.services.analysis.column_analyzer - INFO - Analysis complete: 0 relationships found
2026-03-12 23:43:38 - sqlalchemy.engine.Engine - INFO - INSERT INTO column_analysis (dataset_id, metrics, dimensions, identifiers, temporal, geographic, other, relationships, dashboard_columns, primary_metric, analysis_method, confidence_score, total_relationships, updated_at) VALUES ($1::INTEGER, $2::JSON, $3::JSON, $4::JSON, $5::JSON, $6::JSON, $7::JSON, $8::JSON, $9::JSON, $10::VARCHAR, $11::VARCHAR, $12::FLOAT, $13::INTEGER, $14::TIMESTAMP WITH TIME ZONE) RETURNING column_analysis.id, column_analysis.created_at
2026-03-12 23:43:38 - sqlalchemy.engine.Engine - INFO - [generated in 0.00154s] (12, '[]', '["first_name", "last_name"]', '["customer_id", "email", "phone_number"]', '[]', '["address"]', '[]', '[]', '["first_name", "last_name", "address"]', None, 'custom_pps', 0.5, 0, None)
2026-03-12 23:43:38 - sqlalchemy.engine.Engine - INFO - SELECT column_analysis.id, column_analysis.dataset_id, column_analysis.metrics, column_analysis.dimensions, column_analysis.identifiers, column_analysis.temporal, column_analysis.geographic, column_analysis.other, column_analysis.relationships, column_analysis.dashboard_columns, column_analysis.primary_metric, column_analysis.analysis_method, column_analysis.confidence_score, column_analysis.total_relationships, column_analysis.created_at, column_analysis.updated_at 
FROM column_analysis 
WHERE column_analysis.id = $1::INTEGER
2026-03-12 23:43:38 - sqlalchemy.engine.Engine - INFO - [generated in 0.00128s] (20,)
2026-03-12 23:43:38 - app.repositories.analysis_repository - INFO - Created analysis 20 for dataset 12
2026-03-12 23:43:38 - sqlalchemy.engine.Engine - INFO - COMMIT
2026-03-12 23:43:38 - app.api.v1.routes.analysis - INFO - Analysis saved for dataset 12: 0 relationships
